分類,商品名稱,價格
促銷活動,OLYMPUS E-PL9 自拍數位相機 含14-42mm f3.5電動鏡 (三,"$20,990"
促銷活動,OLYMPUS E-PL9 自拍數位相機 含14-42mm f3.5電動鏡 (三,"$20,990"
促銷活動,SONY DSC-RX100M3 數位相機(公司貨),"$17,980"
促銷活動,Garmin DriveAssist 51 主動安全導航機,"$9,990"
促銷活動,《限時贈購物金500元》Cado MP-C20U藍光觸媒空氣清淨機 車用隨身攜帶,"$8,800"
促銷活動,《限時贈購物金500元》Cado MP-C20U藍光觸媒空氣清淨機 車用隨身攜帶,"$8,800"
促銷活動,《限時贈購物金500元》Cado MP-C20U藍光觸媒空氣清淨機 車用隨身攜帶,"$8,800"
促銷活動,《限時贈購物金500元》Cado MP-C20U藍光觸媒空氣清淨機 車用隨身攜帶,"$8,800"
促銷活動,BubblingPlus 驚奇瓶 氮氣咖啡瓶 (三色選) 加贈3盒氮氣氣彈+2盒,"$6,980"
促銷活動,BubblingPlus 驚奇瓶 氮氣咖啡瓶 (三色選) 加贈3盒氮氣氣彈+2盒,"$6,980"
促銷活動,BubblingPlus 驚奇瓶 氮氣咖啡瓶 (三色選) 加贈3盒氮氣氣彈+2盒,"$6,980"
促銷活動,《限時優惠》Bragi The Headphone 長效真無線耳機/骨傳導耳機(,"$4,990"
促銷活動,威奈 紫外線智慧抑菌空氣清淨機 UV-1609 【贈智能保溫杯】,"$3,990"
促銷活動,《限時優惠》Goodmans Ealing Turntable 英國手提箱黑膠唱,"$3,980"
促銷活動,《限時優惠》Goodmans Ealing Turntable 英國手提箱黑膠唱,"$3,980"
促銷活動,瑞典 Urbanears Stadion 藍牙耳塞式 (四色選),"$3,680"
促銷活動,瑞典 Urbanears Stadion 藍牙耳塞式 (四色選),"$3,680"
促銷活動,瑞典 Urbanears Stadion 藍牙耳塞式 (四色選),"$3,680"
促銷活動,瑞典 Urbanears Stadion 藍牙耳塞式 (四色選),"$3,680"
促銷活動,《限時優惠》Washwow洗衣機+Dry Angel烘衣機 旅行洗 + 烘套組,"$3,470"
促銷活動,Happy Plugs Ear piece 藍牙耳塞式 (三色選),"$3,280"
促銷活動,Happy Plugs Ear piece 藍牙耳塞式 (三色選),"$3,280"
促銷活動,Happy Plugs Ear piece 藍牙耳塞式 (三色選),"$3,280"
促銷活動,《限時優惠》SleepPhones 無線藍牙睡眠耳機 (三色選),"$2,958"
促銷活動,《限時優惠》SleepPhones 無線藍牙睡眠耳機 (三色選),"$2,958"
促銷活動,《限時優惠》SleepPhones 無線藍牙睡眠耳機 (三色選),"$2,958"
促銷活動,《限時優惠》Washwow 微型洗衣機 旅行洗衣烘衣 旅行好物,"$2,480"
促銷活動,SEGA Mega Drive 復刻電視遊樂器(內建85款遊戲),"$1,990"
促銷活動,《限時優惠》SONY 可攜式防潑水 重低音藍牙喇叭 SRS-XB10 (六色選),"$1,890"
促銷活動,《限時優惠》SONY 可攜式防潑水 重低音藍牙喇叭 SRS-XB10 (六色選),"$1,890"
促銷活動,《限時優惠》SONY 可攜式防潑水 重低音藍牙喇叭 SRS-XB10 (六色選),"$1,890"
促銷活動,《限時優惠》SONY 可攜式防潑水 重低音藍牙喇叭 SRS-XB10 (六色選),"$1,890"
促銷活動,《限時優惠》SONY 可攜式防潑水 重低音藍牙喇叭 SRS-XB10 (六色選),"$1,890"
促銷活動,《限時優惠》SONY 可攜式防潑水 重低音藍牙喇叭 SRS-XB10 (六色選),"$1,890"
促銷活動,《限時優惠》50週年萬聖節 史努比與奈勒斯南瓜塑像 小夜燈功能,"$1,690"
促銷活動,Jam Jamoji LOL 藍牙喇叭/表情符號藍芽喇叭,$999
促銷活動,Jam Jamoji KISS 藍牙喇叭/表情符號藍芽喇叭,$999
促銷活動,美國Jam Jamoji 小惡魔 藍牙喇叭/表情符號藍芽喇叭,$999
促銷活動,《限時優惠》TSUM TSUM玩音樂藍牙燈光喇叭 小熊維尼,$990
促銷活動,《限時優惠》TAKARA TOMY米奇變形金剛(兩色選),$990
促銷活動,英國Goodmans 黑膠唱片機 Lion 獅子合唱團限量版,"$4,380"
促銷活動,美國LectroFan 除噪助眠器 睡眠機 舒眠機,"$2,490"
促銷活動,威奈 HEPA智慧空氣清淨機 HP-123【贈智能保溫杯】,"$2,190"
促銷活動,《限時優惠》美國LilGadgets 兒童耳機 有線版 (兩色選)兒童安全耳機,"$1,290"
促銷活動,《限時優惠》美國LilGadgets 兒童耳機 有線版 (兩色選)兒童安全耳機,"$1,290"
促銷活動,《限時優惠》TSUM TSUM玩音樂藍牙燈光喇叭 史迪奇,$842
促銷活動,《限時優惠》TSUM TSUM玩音樂藍牙燈光喇叭 雪寶 Olaf,$842
促銷活動,《限時優惠》TSUM TSUM玩音樂藍牙燈光喇叭 米奇,$842
促銷活動,《限時優惠》TSUM TSUM玩音樂藍牙燈光喇叭 巴斯光年 Buzz,$842
促銷活動,《限時優惠》TSUM TSUM玩音樂藍牙燈光喇叭 熊抱哥Lotso,$842
促銷活動,《限時優惠》TSUM TSUM玩音樂藍牙燈光喇叭 米妮,$842
促銷活動,《限時優惠》TSUM TSUM玩音樂藍牙燈光喇叭 三眼怪 Alien,$842
促銷活動,《限時優惠》Dreams Mr.Yupychil 太空人感應門燈 可掛鑰匙 (三色選) 療癒小物,$540
促銷活動,《限時優惠》Dreams Mr.Yupychil 太空人感應門燈 可掛鑰匙 (三色選) 療癒小物,$540
促銷活動,《限時優惠》Dreams Mr.Yupychil 太空人感應門燈 可掛鑰匙 (三色選) 療癒小物,$540
音樂生活,【送500購物金】Beats Solo Pro,"$10,490"
音樂生活,AirPods Pro 無線充電 MWP22,"$7,990"
音樂生活,Sudio Fem 真無線藍牙耳機(四色),"$4,280"
音樂生活,Vinyl 2020維也納新年音樂會 / 尼爾森斯 [LP],"$2,340"
音樂生活,玩具總動員１－４ 藍光合集(BD),"$2,200"
音樂生活,藍光 小丑 UHD+BD 雙碟限定鐵盒版 [BD],"$1,380"
音樂生活,【新品預購】冰雪奇緣 1+2 合集 [BD],"$1,280"
音樂生活,藍光 小丑 UHD+BD 雙碟限定版 [BD],"$1,280"
音樂生活,小時候的我們 雙碟典藏限量版 / 周興哲 [CD],"$1,200"
音樂生活,星際大戰 天行者的崛起 BD+Bonus 雙碟鐵盒版 [BD],"$1,080"
音樂生活,藍光 小丑 單碟鐵盒版 [BD],"$1,080"
音樂生活,【玩具總動員四部曲 (1+2+3+4) DVD】,"$1,080"
音樂生活,星際大戰 天行者的崛起 雙碟版 [BD],$888
音樂生活,玩具總動員 4 BD+Bonus 雙碟版,$888
音樂生活,寄生上流 [BD],$800
音樂生活,藍光 2020維也納新年音樂會 [BD],$799
音樂生活,【新品預購】 冰雪奇緣 2 [BD],$798
音樂生活,【新品預購】冰雪奇緣 1+2 合集 [DVD],$798
音樂生活,藍光 小丑 [BD],$798
音樂生活,藍光 從前 有個好萊塢 [BD],$750
音樂生活,【新品預購】Chromatica / Lady GAGA [CD],$679
音樂生活,2020維也納新年音樂會 [DVD],$619
音樂生活,鄧紫棋 / 摩天動物園正式版 G.E.M. / City Zoo limited,$609
音樂生活,2020維也納新年音樂會 / 尼爾森斯 [CD],$559
音樂生活,獅子王 (2019) (DVD),$498
音樂生活,【新品預購】冰雪奇緣 2 [DVD],$498
音樂生活,小丑 [DVD],$498
音樂生活,玩命關頭：特別行動 (DVD),$480
音樂生活,【玩具總動員 4 DVD】,$480
音樂生活,絕對的聲音 2019 / [CD],$479
音樂生活,決戰中途島 [DVD],$450
音樂生活,合輯 / 2020 葛萊美的喝采 (CD),$428
音樂生活,Changes / Justin Bieber [CD],$409
音樂生活,冰雪奇緣2 原聲帶 O.S.T. / Frozen 2,$408
音樂生活,從前 有個好萊塢 [DVD],$399
音樂生活,面面 / 蘇慧倫 [CD],$399
音樂生活,【Jabra】Evolve 65t 真無線藍牙耳機,"$12,900"
音樂生活,【新品預購】冰與火之歌：權力遊戲（全套豪華藍光典藏版 BD）,"$12,000"
音樂生活,【贈1000元購物金】Jabra Speak 710 會議型無線串接式喇叭揚聲器,"$11,800"
音樂生活,【Jabra】Evolve 75藍牙麥克風,"$10,800"
音樂生活,【Jabra】Evolve 75e UC 主動降噪藍牙耳機,"$9,980"
音樂生活,冰與火之歌 權力遊戲 全套典藏版 [DVD],"$7,399"
音樂生活,audio-technica 鐵三角 全自動藍牙立體聲黑膠唱盤(白色) AT-LP60XBT,"$6,880"
音樂生活,【新品上市】Jabra Elite 75t 真無線藍牙耳機,"$6,690"
音樂生活,MoriMori W LED藍牙雙音響(二色選),"$5,280"
音樂生活,Marley Liberate Air 真無線藍牙耳機,"$4,680"
音樂生活,MoriMori LASMO LED藍牙音響,"$3,980"
音樂生活,JLab Flex Sport 耳罩式藍牙耳機,"$3,980"
音樂生活,Motorola Verve Buds 400 真無線藍牙耳機 (三色選),"$2,990"
音樂生活,MUZEN OTR Metal 經典復刻藍牙音響收音機,"$2,980"
音樂生活,MoriMori LED煤油燈藍牙音響(五色選),"$2,880"
音樂生活,JLab JBuds Air Sport 真無線藍牙耳機,"$2,799"
音樂生活,JLab JBuds Air Executive 真無線藍牙耳機,"$2,799"
音樂生活,MoriMori LASMO LED燈,"$2,780"
音樂生活,Motorola Verve Buds 300 真無線藍牙耳機 (三色選),"$2,590"
音樂生活,JLab JBuds Air Icon 真無線藍牙耳機,"$2,399"
音樂生活,Motorola Verve Buds 200 真無線藍牙耳機 (三色選),"$2,290"
音樂生活,【蜘蛛人：離家日】4K UHD + Bonus BD 三碟圖冊鐵盒版,"$1,480"
音樂生活,COMICA 抗噪立體聲麥克風,"$1,440"
音樂生活,【蜘蛛人：離家日】4K UHD + Bonus BD 三碟圖冊限定版,"$1,380"
音樂生活,【蜘蛛人：離家日】 3D + 2D + Bonus BD 三碟圖冊鐵盒版,"$1,280"
音樂生活,COMICA 手機/DSLR雙用迷你指向麥克風,"$1,260"
音樂生活,JAM Hang Up 藍牙喇叭,"$1,199"
音樂生活,[預購] 盧廣仲 11週年 大人中演唱會 LIVE BD(兩款),"$1,111"
音樂生活,【蜘蛛人：離家日】 3D + 2D + Bonus BD 三碟圖冊限定版,$998
音樂生活,簡歌集 / 趙照 [CD],$479
音樂生活,Della-幸福食堂,$249
音樂生活,Della生活美學系列-濃情居間—四手聯彈篇,$249
音樂生活,Della - 烏克麗麗天氣晴,$249
音樂生活,Blue Light Works、虹輪夢七、石黑孝子、齊藤芳 媽咪的幸福之約 / 胎教音樂盒,$249
音樂生活,絕世寶貝《薩克斯風篇》／幼兒情緒養成得獎音樂輯,$249
音樂生活,Della生活美學系列-陽光露台—雙吉他篇,$249
音樂生活,絕世寶貝《吉他篇》／幼兒情緒養成得獎音樂輯,$249
音樂生活,絕世寶貝《小號篇》／幼兒情緒養成得獎音樂輯,$249
音樂生活,陽光歐蕾—佛朗明哥吉他篇,$249
音樂生活,絕世寶貝《顫音琴 (鐵琴) 篇》／幼兒情緒養成得獎音樂輯,$249
音樂生活,SONY HT-X8500 2.1聲道內建雙重低音揚聲器,"$11,900"
音樂生活,Jabra Elite 85h 抗躁耳罩耳機 (三色選),"$11,800"
音樂生活,URBANEARS Ralis 藍牙喇叭(三色選),"$8,900"
音樂生活,Nakamichi Elite Pro 300 極致高保真入耳式監聽級耳機,"$8,680"
音樂生活,SONY WF-1000XM3 無線降噪藍牙耳機 (兩色選),"$7,290"
音樂生活,Beats Powerbeats Pro 真無線藍牙耳機 MV6Y2,"$6,990"
音樂生活,Goodmans MANCHESTER曼徹斯特 經典黑膠唱機+黑膠箱 套裝,"$5,980"
音樂生活,URBANEARS Pampas 藍牙耳罩式耳機(三色選),"$5,790"
音樂生活,Nakamichi Elite Pro 200 高保真入耳式監聽耳機,"$5,680"
音樂生活,AirPods 搭配 無線充電盒 MRXJ2TA/A,"$5,390"
音樂生活,SONY 索尼 WI-SP600N 藍牙運動入耳式耳機 (四色選),"$4,990"
音樂生活,SONY 藍牙喇叭 SRS-XB32(四色選),"$4,690"
音樂生活,YEVO AIR 真無線耳機(兩色選),"$3,990"
音樂生活,Nakamichi NEP-TW1 Plus 真無線耳機 My Ears II 藍芽耳機,"$3,980"
音樂生活,SONY 藍牙喇叭 SRS-XB22(五色選),"$3,490"
音樂生活,鐵三角 ATH-WS330BT 無線藍牙耳機 (三色選),"$3,380"
音樂生活,Sudio Tolv 真無線藍牙耳機(粉色),"$3,280"
音樂生活,Sudio Tretton 藍牙運動耳機(四色選),"$3,100"
音樂生活,AirPods 無線充電盒 MR8U2TA/A,"$2,690"
音樂生活,Nakamichi ELITE DUO 動圈 動鐵 混合雙單元耳機 入耳式耳機,"$2,490"
音樂生活,Nakamichi MyRhythm 真無線藍牙耳機 NEP-TW2,"$1,980"
音樂生活,SONY 重低音重節奏防水喇叭 SRS-XB12(五色選),"$1,790"
音樂生活,Nakamichi MV18 DUAL 雙單體輕量化耳機,"$1,490"
音樂生活,瑞典 URBANISTA SAN FRANCISCO 耳塞式耳機,"$1,290"
音樂生活,Hi-Unit HSE-A2000 Hi-Res 石墨烯振膜耳機,"$1,290"
音樂生活,地表最強THE INVINCIBLE演唱會 精裝鐵盒版 / 周杰倫 [BD],"$1,159"
音樂生活,InfoThink 玩具總動員系列絨毛藍牙喇叭(三款),$990
音樂生活,地表最強THE INVINCIBLE演唱會 精裝鐵盒版 / 周杰倫 [DVD],$758
音樂生活,InfoThink 玩具總動員系列行動x桌上兩用風扇(兩款),$699
音樂生活,"家家 / 我想要的 I, ＭE, MINE （精裝版/平裝版）",$638
音樂生活,太空人 / 吳青峰［CD］正式版,$448
音樂生活,瑪琳．莫坦森Malene Mortensen 浮現在我腦海,$249
音樂生活,羅傑‧戴維森 / Roger Davidson 一路上有你,$249
音樂生活,阿比亞 ABIAH 玻璃瓶,$249
音樂生活,席絲史東 / Sidsel Storm 心的歸屬,$249
音樂生活,席絲史東 / Sidsel Storm 傾心相依,$249
音樂生活,maria palatine / SHE 女人心曲,$249
音樂生活,MEDICINE WOMAN 5 梅得溫 / 女巫醫5：轉化,$249
音樂生活,The Forgotten Promise 不是說好了嗎/療癒音樂繪本輯,$249
音樂生活,Sidsel Storm / Sidsel Storm 席絲史東 / 同名概念專輯,$249
音樂生活,VIFA COPENHAGEN 哥本哈根 無線喇叭 (深灰色),"$38,800"
音樂生活,Vifa Oslo 奧斯陸 無線藍牙喇叭 (兩色),"$23,800"
音樂生活,Vifa Helsinki 赫爾辛基 無線藍牙喇叭 (四色),"$17,800"
音樂生活,Marshall Kilburn II 藍牙喇叭 黑+ Major III 藍牙耳罩 黑,"$12,500"
音樂生活,B&O E8 MOTION 真無線 白,"$12,250"
音樂生活,audio-technica鐵三角 AT-LP3 全自動立體聲黑膠唱盤機 (公司貨),"$11,000"
音樂生活,Jabra Elite Active 65t 真無線運動藍牙耳機 紅 SWAROVSKI 限量版,"$6,790"
音樂生活,Jaybird RUN XT 真無線運動耳機 (兩色選),"$5,990"
音樂生活,Goodmans MANCHESTER曼徹斯特 經典黑膠唱機,"$5,980"
音樂生活,【贈1000購物金】audio-technica鐵三角 AT-LP60X 全自動立體聲黑膠唱盤機 (兩色選/公司貨),"$5,280"
音樂生活,德國 McGee Ear One 真無線耳機 (兩色選),"$4,280"
音樂生活,藍光 馴龍高手3 UHD+BD+3D 限量鐵盒三碟收藏版 How to Train Your Dragon 3 UHD+BD+3D Collector's Edition,"$1,741"
音樂生活,黑膠 我要給世界最悠長的濕吻 限定版黑膠 / 蔡健雅 Vinyl Kisses For The World LIMITED / Tanya,"$1,580"
音樂生活,SONY WI-C310 無線藍牙耳機(兩色選),"$1,490"
音樂生活,彩膠 檸檬特調 黃膠 / 碧昂絲 Vinyl Lemonade Yellow 2LP / Beyonce,"$1,380"
音樂生活,藍光 復仇者聯盟 終局之戰 UHD+BD+BONUS三碟限定版 [BD],"$1,380"
音樂生活,藍光 馴龍高手 UHD+BD How to Train Your Dragon UHD+BD,"$1,280"
音樂生活,藍光 馴龍高手 2 UHD+BD How to Train Your Dragon 2 UHD+BD,"$1,280"
音樂生活,SONY WI-C200 無線藍牙耳機 黑,"$1,190"
音樂生活,藍光 馴龍高手3 BD+3D 雙碟限定版 How to Train Your Dragon 3 BD+3D,"$1,174"
音樂生活,藍光 蟻人與黃蜂女 3D+2D 限量鐵盒版 Ant Man and the Wasp 3D+2D Steelbook BD,"$1,080"
音樂生活,藍光 復仇者聯盟 終局之戰 BD+BONUS雙碟鐵盒版 [BD],"$1,080"
音樂生活,黑膠 童年 / 張艾嘉 Vinyl Childhood / Sylvia Chang,$909
音樂生活,藍光 星際異攻隊 2 3D+2D 藍光限定版 Guardians Of The Galaxy 2 3D+2D Combo BD,$888
音樂生活,藍光 復仇者聯盟 終局之戰 BD+BONUS雙碟版 [BD],$888
音樂生活,藍光 馴龍高手 How To Train Your Dragon BD,$850
音樂生活,藍光 馴龍高手 2 How to Train Your Dragon 2 BD,$850
音樂生活,藍光 X戰警 天啟 3D+2D 死侍亂入雙碟限定版 [BD],$798
音樂生活,藍光 X戰警 第一戰 死侍亂入限定版 [BD],$698
音樂生活,阿拉丁 電影原聲帶 Aladdin O.S.T. CD,$669
音樂生活,人生無限公司 LiFE LiVE 3CD 預購限定版 / 五月天 LiFE LiVE 3CD LIMITED EDITION / Mayday,$588
音樂生活,童話的休止符 / 鄧紫棋 Happily Ever After... / G.E.M.,$569
音樂生活,後勁: 王建民 Late Life: The Chien-Ming Wang Story DVD,$550
音樂生活,幻 / 蘇運瑩 Fantasy / Yunying Su CD,$509
音樂生活,查無此人 眾藝人 Where Have All the Flowers Gone V.A.,$499
音樂生活,奉獻愛 / 卡莉蕾 Dedicated / Carly Rae Jepsen CD,$479
音樂生活,11:11 / 馬盧瑪 11:11 / Maluma CD,$479
音樂生活,X夫人 台壓版 / 瑪丹娜 Madame X Standard Edition / Madonna CD,$479
音樂生活,Be Better 精裝限量版 / 畢書盡 Be Better Limited Edition / Bii CD,$468
音樂生活,相聲瓦舍 - 我不要演癩蛤蟆 Comedians Workshop - I Don't Want to Perform a Toad DVD,$438
音樂生活,B&O Beoplay A9 MKIII 家用音響 (兩色選),"$95,000"
音樂生活,Marshall Stockwell II 藍牙喇叭 黑,"$11,900"
音樂生活,B&O PLAY BeoPlay E8 2.0 真無線藍牙耳機 (四色選),"$11,250"
音樂生活,謝和弦 BeWater 同名限量黑膠機 + 黑膠唱片 + 收納箱 限量超值組 阿扣機 像水一樣,"$6,980"
音樂生活,謝和弦 BeWater 同名限量黑膠機 + 黑膠唱片 阿扣機 像水一樣,"$6,980"
音樂生活,謝和弦 BeWater 同名限量黑膠機 阿扣機 像水一樣,"$5,980"
音樂生活,ION Audio Vinyl Transport 手提黑膠唱機 紅色款,"$5,980"
音樂生活,UE BOOM 3 藍牙喇叭(六色選),"$4,990"
音樂生活,SOL REPUBLIC Amps Air 2.0 無線藍牙耳機,"$4,680"
音樂生活,SOL REPUBLIC Shadow Fusion 頸掛式藍牙耳機 (三色選),"$3,999"
音樂生活,JAM Live True 真無線藍牙耳機 黑,"$2,999"
音樂生活,JAM Zero Chill 藍牙喇叭 (三色選),"$2,580"
音樂生活,彩膠 TO YOU 限量紀念版 圖膠 / 張國榮 Vinyl TO YOU PICTURE DISC LIMITED / Leslie Cheung [Import] LP,"$1,990"
音樂生活,黑膠 A MEI ACOUSTIC BEST / 張惠妹 Vinyl A MEI ACOUSTIC BEST / A-MEI LP,"$1,799"
音樂生活,彩膠 風繼續吹 圖膠 / 張國榮 Wind Continue to Blow / Leslie Cheung [Import] LP,"$1,799"
音樂生活,彩膠 Leslie 圖膠 限量進口版 / 張國榮 Vinyl Leslie Picture Disc Limited / Leslie Cheung [Import] LP,"$1,799"
音樂生活,彩膠 Stand Up 限量進口版 圖膠 / 張國榮 Vinyl Stand Up Picture Disc Limited / Leslie Cheung [Import] LP,"$1,799"
音樂生活,黑膠 鳳聲歲月 2LP 星空典藏限量黑膠 / 鳳飛飛 預購贈品: 鳳影紀念悠遊卡一套,"$1,699"
音樂生活,黑膠 阿密特 意識專輯 黑白意識雙面圖膠 / 阿密特 Vinyl Amit / A-MIT LP,"$1,520"
音樂生活,黑膠 限制級 進口版 / 蕾哈娜 Vinyl Rated R Explicit Content / Rihanna LP,"$1,300"
音樂生活,藍光 小偷家族 精裝版 Shoplifters Blu-ray Disc,"$1,180"
音樂生活,旅程：FINAL FANTASY XIV 編曲輯 藍光CD Journeys: FINAL FANTASY XIV Arrangement Album Blu-ray Disc,"$1,150"
音樂生活,黑膠 海闊天空 / Beyond Vinyl Boundless Oceans Vast Skies / Beyond LP,$939
音樂生活,黑膠 我是海雅谷慕 / 張震嶽 Vinyl Ayal Komod / A-Yue LP,$939
音樂生活,NO IDEA 預購版 / 羅志祥 NO IDEA LIMITED EDITION / Show Lo,$819
音樂生活,HIStory2 － 是非&越界 限量典藏版 DVD,$699
音樂生活,[我好嗎?]-太陽如常升起 預購版 / 梁靜茹 The Sun Also Rises / Fish Leong,$629
音樂生活,微雨 豪華精裝版 / 邵雨薇 DRIZZLE DELUXE LIMITED EDITION / IVY SHAO,$598
音樂生活,人生好難 / 紅粉佳人 HURTS 2B HUMAN / P!NK CD,$529
音樂生活,魂囚西門 電視劇原聲帶 Green Door O.S.T CD,$519
音樂生活,張國榮 常在心頭 袁詠儀 進口版 / 張國榮 Always In My Heart / Leslie Cheung [Import] CD,$519
音樂生活,封面女郎 進口版 / 梅艷芳 Cover Girl / Anita Mui [Import] CD,$519
音樂生活,張國榮 Leslie Cheung 90 New mix plus Hits Collection 精選 進口版 / 張國榮 CD,$519
音樂生活,In Brasil 進口版 / 梅艷芳 In Brasil / Anita Mui [Import] CD,$519
音樂生活,夢裡共醉 進口版 / 梅艷芳 Drunk in Dreams Together / Anita Mui [Import] CD,$519
音樂生活,梅艷芳 1997芳蹤乍現臺北演唱實錄 DVD,$499
音樂生活,愛到不要命 / 丁噹 Die Lovin’ / Della CD BD0108A,$480
音樂生活,"迷幻風暴 / LSD LABRINTH, SIA & DIPLO PRESENT... LSD / LSD",$479
音樂生活,告別 DVD The Long Goodbye,$299
音樂生活,新加坡UB+ Eupho E3 球型藍牙喇叭 (三色選),"$12,800"
音樂生活,UE MEGA BOOM 3 藍牙喇叭 (六色選),"$6,990"
音樂生活,黑膠 珍稀作品 巴布狄倫私藏錄音輯1-3 1961-1991 5LP / 巴布狄倫 Vinyl Bob Dylan The Bootleg Series Vols. 1-3 / Bob Dylan,"$3,150"
音樂生活,吟遊大自然 隨身碟 1USB A Musical Stroll through Nature and Culture USB,"$2,980"
音樂生活,紙牌屋1-6季套裝 House Of Cards The Complete Series 23DVD,"$2,460"
音樂生活,謝欣芷親子音樂全系列套裝 萌萌虎USB隨身碟限定版 USB,"$2,200"
音樂生活,音樂原力紓壓 隨身碟 1USB Music. Force. Release. USB,"$2,100"
音樂生活,謝欣芷親子音樂全系列套裝 禮盒版 11CD,"$1,999"
音樂生活,黑膠 相知 限量黑膠Box Set 2LP + 2CD / 叉叉樂團 Vinyl I See You Deluxe 2LP + CD + enhanced CD Box Set / The XX,"$1,860"
音樂生活,台灣音樂地圖 聽見台灣 4CD A Musical Journey Around Taiwan,"$1,800"
音樂生活,台灣音樂便當 4CD A Tasty Bento Box of Taiwanese Music,"$1,800"
音樂生活,藍光 西方極樂園第二季UHD+BD 六碟限定版 Westworld S2 UHD+BD 6 Disc,"$1,800"
音樂生活,風潮三十．美好年代 3CD + 1USB Wind Music Thirtieth Anniversary 3CD+USB,"$1,560"
音樂生活,藍光 怪獸與葛林戴華德的罪行 UHD+BD 雙碟限定版 Fantastic Beasts The Crimes Of Grindelwald UHD+BD,"$1,280"
音樂生活,藍光 海克力士3D+2D 雙碟鐵盒版 HERCULES THE THRACIAN WARS 3D+2D COMBO STEELBOOK,"$1,280"
音樂生活,藍光 水行俠 UHD+BD 雙碟限定版 Aquaman UHD+BD 2BD,"$1,280"
音樂生活,藍光 猩球崛起 終極決戰 3D+2D 雙碟鐵盒版 War For The Planet Of The Apes 3D+2D Steelbook,"$1,180"
音樂生活,藍光 Cars 3：閃電再起 3D+2D 限量鐵盒版 Cars 3 3D+2D Steelbook,"$1,180"
音樂生活,藍光 水行俠 3D+2D 雙碟鐵盒版 Aquaman 3D+2D Steelbook 2BD,"$1,180"
音樂生活,藍光 怪獸與牠們的產地 3D+2D 雙碟鐵盒版 Fantastic Beasts and Where to Find Them 3D+2D Steelbook,"$1,180"
音樂生活,藍光 怪獸與牠們的產地 3D+2D 雙碟版 (預購版) Fantastic Beasts and Where to Find Them 3D+2D,"$1,080"
音樂生活,藍光 水行俠 3D+2D 限量收藏版 Aquaman 3D+2D With Digibook 2BD,"$1,080"
音樂生活,藍光 自殺突擊隊 導演加長雙碟收藏版 Suicide Squad Digibook 2 Disc EXT Version BD,"$1,080"
音樂生活,張永智．氣血養生音樂 2CD,"$1,000"
音樂生活,藍光 Cars 3：閃電再起 3D+2D 藍光限定版 Cars 3 3D+2D BD,$998
音樂生活,藍光 水行俠 3D+2D 雙碟版 Aquaman 3D+2D 2BD,$888
音樂生活,藍光 怪獸與葛林戴華德的罪行 3D+2D 雙碟版 Fantastic Beasts The Crimes Of Grindelwald 3D+2D 2BD,$888
音樂生活,藍光 美女與野獸 2017 3D+2D 藍光限定版 Beauty And The Beast 2017 3D+2D Combo,$888
音樂生活,藍光 玩命再劫 雙碟版 Baby Driver 2 Disc BD,$888
音樂生活,藍光 猩球崛起：終極決戰 3D+2D 雙碟限定版 War For The Planet Of The Apes 3D+2D,$888
音樂生活,藍光 全家就是莊家 The House BD,$798
音樂生活,藍光 安娜貝爾: 造孽 Annabelle: Creation BD,$798
音樂生活,藍光 猜火車2 T2: Trainspotting BD,$798
音樂生活,《吉屋出租》FOX首演卡司/《吉屋出租》FOX首演卡司 電視原聲帶 Original Television Cast of Rent Live/Rent (Original Soundtrack of the Fox Live Television Event),$529
音樂生活,貓霧仔光 / 草屯囝仔 CD,$529
音樂生活,蜘蛛人: 新宇宙 Spider-Man: Into The Spider-Verse DVD,$498
音樂生活,AFTERSHOKZ Trekz Air AS650 骨傳導藍芽運動耳機 (四色選),"$4,590"
音樂生活,法國文創 EOZ Air 真無線藍牙耳機 (兩色選),"$3,680"
音樂生活,Audio-Technica 鐵三角 AT-SBS70BT 重低音無線藍牙喇叭,"$3,500"
音樂生活,藍光 新世紀福爾摩斯 第1-3季套裝 Sherlock Series 1-3 Complete Box Set 6BD,"$3,300"
音樂生活,Beefo 創意迷你小唱機藍牙音響,"$2,680"
音樂生活,藍光 變形金剛1-3 套裝 Transformers 1-3 Boxset BD,"$2,500"
音樂生活,藍光 教父套裝 Godfather Collection 4BD,"$2,500"
音樂生活,黑膠 傲視全天下 首部曲+二部曲 超金裝LP黑膠盒裝版 / 賈斯汀 Vinyl The 20/20 Experience–The Complete Experience / Justin Timberlake,"$2,360"
音樂生活,藍光 格雷的五十道陰影 三部曲合輯 Fifty Shades BD Collection 3BD,"$2,200"
音樂生活,鐵三角 Audio-Technica AT-SBS50BT 重低音無線藍牙喇叭 (三色選),"$1,900"
音樂生活,JAM Double Chill 藍牙喇叭 (四色選),"$1,690"
音樂生活,黑膠 蠍王 / 德瑞克 Vinyl Scorpion / Drake LP,"$1,540"
音樂生活,黑膠 至高盼望 / 芙蘿倫絲機進份子 Vinyl High As Hope / Florence + The Machine,"$1,260"
音樂生活,藍光 格雷的五十道陰影: 自由 (BD + BONUS DVD 限量雙碟精裝版) FIFTY SHADES FREED (BD+ BONUS DVD),"$1,180"
音樂生活,黑膠 杜娃黎波 同名專輯 美版 / 杜娃黎波 Vinyl Dua Lipa Import / Dua Lipa LP,"$1,110"
音樂生活,黑膠 駐足停留 / 喬治艾茲拉 Vinyl Staying At Tamara's / George Ezra LP,"$1,040"
音樂生活,藍光 驚奇4超人: 銀色衝浪手現身 Fantastic Four: Rise of the Silver Surfer BD,$998
音樂生活,藍光 美味關係 Julie & Julia BD,$998
音樂生活,黑膠 美好人生 / 湯姆沃克 Vinyl What A Time To Be Alive / Tom Walker LP,$889
音樂生活,藍光 女王與知己 VICTORIA AND ABDUL BD,$850
音樂生活,藍光 抹大拉的馬利亞 MARY MAGDALENE BD,$850
音樂生活,藍光 真愛每一天 About time BD,$850
音樂生活,駐足停留 / 喬治艾茲拉 Staying At Tamara's / George Ezra CD,$509
音樂生活,美好人生 / 湯姆沃克 What A Time To Be Alive / Tom Walker CD,$499
音樂生活,浴火重生 / 艾薇兒 HEAD ABOVE WATER / AVRIL LAVIGNE CD,$489
音樂生活,至高盼望 / 芙蘿倫絲機進份子 High As Hope / Florence + the Machine CD,$489
音樂生活,左右為難 / 潔絲葛琳 ALWAYS IN BETWEEN / JESS GLYNNE CD,$489
音樂生活,電影「羅馬」之音樂靈感 / 眾藝人 Music Inspired by the Film Roma / V.A. CD,$479
音樂生活,"謝謝, 下一位 / 亞莉安娜 thank u, next / Ariana Grande CD",$479
音樂生活,H.E.R. 首張同名專輯 / H.E.R. H.E.R. / H.E.R. CD,$479
音樂生活,放.電情歌 / 合輯 ELECTRIC LOVE / V.A. 2CD,$479
音樂生活,無敵破壞王2 網路大暴走 電影原聲帶 Ralph Breaks The Internet Original Motion Picture Soundtrack CD,$479
音樂生活,甜到翻 / 亞莉安娜 Sweetener / Ariana Grande CD,$479
音樂生活,痞子特攻隊 / 阿姆 KAMIKAZE / EMINEM CD,$479
音樂生活,音樂戰壕 / 二十一名飛員樂團 TRENCH / TWENTY ONE PILOTS CD,$469
音樂生活,黑色黨徒 BlacKkKlansman DVD,$450
音樂生活,絕對迪士尼: 情歌選 / 合輯 Absolute Disney: Love Songs / V.A. CD,$359
音樂生活,Saramonic 楓笛 UwMic9 (RX9+TX9+TX9) 一對二 無線麥克風套裝,"$14,850"
音樂生活,Saramonic 楓笛 UwMic10 (RX10+TX10+TX10) 一對二 無線麥克風套裝,"$14,850"
音樂生活,Saramonic 楓笛 UwMic9 (RX9+TX9) 一對一 無線麥克風套裝,"$10,350"
音樂生活,Saramonic 楓笛 UwMic10 (RX10+TX10) 一對一 無線麥克風套裝,"$10,350"
音樂生活,Saramonic 楓笛 UwMic9 (HU9) 無線手持式麥克風,"$5,850"
音樂生活,Saramonic 楓笛 UwMic10 (HU10) 無線手持式麥克風,"$5,850"
音樂生活,Saramonic 楓笛 SR-WM4CA 一對一 VHF無線麥克風系統,"$4,500"
音樂生活,Saramonic 楓笛 SR-WM4C 一對一 VHF無線麥克風系統,"$4,050"
音樂生活,Saramonic 楓笛 SR-PAX1 單眼相機、攝影機混音器,"$3,780"
音樂生活,Saramonic 楓笛 SR-PMIC3 心型全向環繞式麥克風,"$3,780"
音樂生活,Saramonic 楓笛 SR-PMIC2 立體聲心形電容式麥克風,"$2,700"
音樂生活,JAM Hang Around 藍牙喇叭 (三色選),"$2,299"
音樂生活,彩膠 靜海基地娛樂 限量LP彩膠 / 北極潑猴 Vinyl Tranquility Base Hotel and Casino Deluxe / Arctic Monkeys,"$1,560"
音樂生活,黑膠 靜海基地娛樂 / 北極潑猴 Vinyl Tranquility Base Hotel and Casino / Arctic Monkeys,"$1,360"
音樂生活,黑膠 NBC萬世巨星首演卡司 萬世巨星 電視原聲帶 Vinyl JESUS CHRIST SUPERSTAR LIVE IN CONCERT / TV Soundtrack,"$1,240"
音樂生活,彩膠 情牽卡蜜拉 / 卡蜜拉 Vinyl Camila Colored / Camila Cabello,"$1,040"
音樂生活,Jlab Rewind 復古藍牙耳機 (三色選),$999
音樂生活,"黑膠 布魯赫：蘇格蘭幻想曲、第一號小提琴協奏曲 / 約夏貝爾 Vinyl Bruch : Scottish Fantasy, Op. 46 / Violin Concerto No. 1 in G Minor, Op. 26 / Joshua Bell",$999
音樂生活,藍光 無敵破壞王2：網路大暴走 鐵盒版 Ralph Breaks the Internet Steelbook,$998
音樂生活,黑膠 我的道路 / 威利尼爾森 Vinyl My Way / Willie Nelson,$889
音樂生活,無敵破壞王1+2 合集 2DVD Wreck-It Ralph 1+2 2-Movie Collection,$798
音樂生活,藍光 無敵破壞王2：網路大暴走 Ralph Breaks the Internet Blu-ray Disc,$798
音樂生活,藍光 一個巨星的誕生 A Star Is Born BD,$798
音樂生活,超人特攻隊 1+2 合集 3DVD The Incredibles 1+2 2-Movie Collection,$798
音樂生活,黑膠 有話直說 / 安瑪莉 Vinyl SPEAK YOUR MIND / ANNE-MARIE,$779
音樂生活,經典...回憶...魔力 演唱會實況錄音2CD 璀璨豪華盤 / 芭芭拉史翠珊 The Music...The Mem'ries...The Magic / Barbra Streisand [2CD],$559
音樂生活,靜海基地娛樂 / 北極潑猴 Tranquility Base Hotel and Casino / Arctic Monkeys [CD],$519
音樂生活,解放 重生進口版 / 克莉絲汀 Liberation / Christina Aguilera [CD],$519
音樂生活,都是愛 / 卡特夫婦 Everything Is Love / The Carters [CD] Jay-Z Beyonce,$509
音樂生活,經典…回憶…魔力！演唱會實況錄音 進口普通版 / 芭芭拉史翠珊 The Music…The Mem’ries…The Magic！/ Barbra Streisand [CD],$509
音樂生活,流行基因 / 新好男孩 DNA / BACKSTREET BOYS [CD],$500
音樂生活,"布魯赫：蘇格蘭幻想曲、第一號小提琴協奏曲 / 約夏貝爾 Bruch : Scottish Fantasy, Op. 46 / Violin Concerto No. 1 in G Minor, Op. 26 / Joshua Bell [CD]",$499
音樂生活,以你的名字呼喚我 電影原聲帶 Call Me By Your Name O.S.T [CD],$499
音樂生活,趴踢人生 / 巨星馬龍 beerbongs & bentleys / Post Malone,$489
音樂生活,2019葛萊美的喝采 / 合輯 2019 GRAMMY NOMINEES / V.A.,$469
音樂生活,Marshall Woburn II藍牙喇叭 (兩色選),"$23,900"
音樂生活,Marshall Stanmore II 藍牙喇叭 (兩色選),"$17,900"
音樂生活,【贈1000元購物金】Marshall Acton II 藍牙喇叭 (兩色選),"$11,900"
音樂生活,Sennheiser Momentum 真無線藍芽,"$9,900"
音樂生活,鐵三角 ATH-CKR7TW 真無線耳機 (兩色選),"$8,000"
音樂生活,鐵三角 ATH-SPORT7TW 真無線耳機 (兩色選),"$6,500"
音樂生活,鐵三角 ATH-SR50BT BT耳罩 (兩色選),"$6,500"
音樂生活,Marshall Minor II 藍牙耳塞式耳機 (三色選),"$5,190"
音樂生活,美國 Crazybaby Air 1S 真無線 (兩色選),"$4,990"
音樂生活,SleepPhones 無線充電藍芽睡眠耳機 新一代 (三色選),"$4,730"
音樂生活,鐵三角 ATH-SR30BT BT耳罩 (四色選),"$3,580"
音樂生活,瑞士 Lifetrons 金屬藍牙無線喇叭加強版 金色限量版,"$2,980"
音樂生活,Sudio VASA 藍牙耳道式 粉藍,"$2,880"
音樂生活,"黑膠 2018維也納新年音樂會 / 黎卡多慕提, 維也納愛樂 Vinyl New Year’s Concert 2018 / Riccardo Muti, Wiener Philharmoniker","$2,330"
音樂生活,"黑膠 2017維也納新年音樂會 / 杜達美, 維也納愛樂 Vinyl New Year’s Concert 2017 / Gustavo Dudamel, Wiener Philharmoniker","$2,230"
音樂生活,JLab JBuds Air 真無線藍牙耳機,"$1,999"
音樂生活,瑞士 Lifetrons 皮革金屬藍牙無線喇叭 黑色限量版,"$1,980"
音樂生活,黑膠 H.E.R. 同名專輯 2LP / H.E.R. Vinyl H.E.R 2LP / H.E.R.,"$1,170"
音樂生活,黑膠 流行警報 / 瑪麗亞凱莉 Vinyl Caution / Mariah Carey,$889
音樂生活,黑膠 高牆 / 芭芭拉史翠珊 Vinyl Walls / Barbra Streisand,$889
音樂生活,"藍光 2018維也納新年音樂會 / 黎卡多慕提, 維也納愛樂 New Year’s Concert 2018 / Riccardo Muti, Wiener Philharmoniker",$859
音樂生活,"藍光 2019維也納新年音樂會 / 克里斯提安‧提勒曼, 維也納愛樂 New Year's Concert 2019 BD / Christian Thielemann, Wiener Philharmoniker",$759
音樂生活,"2018維也納新年音樂會 / 黎卡多慕提, 維也納愛樂 New Year’s Concert 2018 / Riccardo Muti, Wiener Philharmoniker",$669
音樂生活,"2019維也納新年音樂會 DVD / 克里斯提安‧提勒曼, 維也納愛樂 New Year's Concert 2019 DVD / Christian Thielemann, Wiener Philharmoniker",$629
音樂生活,UGLY BEAUTY 怪美珍藏版 / 蔡依林 UGLY BEAUTY / Jolin Tsai,$569
音樂生活,蠍王 2CD / 德瑞克 Scorpion 2CD / Drake,$559
音樂生活,"2019維也納新年音樂會 2CD / 克里斯提安‧提勒曼, 維也納愛樂 New Year's Concert 2019 2CD / Christian Thielemann, Wiener Philharmoniker",$549
音樂生活,"2018維也納新年音樂會 / 黎卡多慕提, 維也納愛樂 New Year’s Concert 2018 / Riccardo Muti, Wiener Philharmoniker",$549
音樂生活,榮耀強襲 2017日本巡演限定台壓版 / 布蘭妮 Glory：Japan Tour Edition / Britney Spears,$539
音樂生活,垂直活著，水平留戀著 / 艾怡良 Fade To Exist / Eve Ai,$509
音樂生活,厭世男孩 / 老菸槍雙人組 Sick Boy / The Chainsmokers,$509
音樂生活,理想世界 / 艾倫沃克 Different World / Alan Walker,$509
音樂生活,搏感情 / 玖壹壹 Nine One One,$509
音樂生活,璀璨前程 (歐洲進口盤) / 碧碧蕾克莎 Expectations / Bebe Rexha [Import],$499
音樂生活,夢過頭：世界巡迴演唱會現場紀實 / 酷玩樂團 LIVE IN BUENOS AIRES / COLDPLAY,$489
音樂生活,混亂科技 (歐洲進口盤) / 賈奈兒夢內 DIRTY COMPUTER / JANELLE MONAE [Import],$489
音樂生活,Marshall Kilburn II藍牙喇叭 黑,"$14,900"
音樂生活,SONY WF-SP900 運動無線藍牙耳機 (三色選),"$7,490"
音樂生活,黑膠 The Christmas Records 限量版盒裝 7吋黑膠 / 披頭四合唱團 Vinyl The Christmas Records 7x7 Singles With Spoken Xmas Messages Boxset / The Beatles [Limited Import],"$3,550"
音樂生活,黑膠 為愛而生 / 五月天 Vinyl Born To Love / Mayday,"$1,950"
音樂生活,"雙棲動物 限量12”+7”雙水晶膠 / 蔡健雅 Vinyl Amphibian Japan Limited 12""+7"" Clear Vinyl / Tanya Chua","$1,650"
音樂生活,黑膠 陌生人 限量12”+7”雙水晶膠 / 蔡健雅 Vinyl Stranger Japan Limited 12 inch + 7 inch Clear Vinyl / Tanya Chua,"$1,650"
音樂生活,黑膠 陶喆 同名專輯 20週年紀念黑膠 / 陶喆 Vinyl Taoism 20th Anniversary Edition / David Tao,"$1,640"
音樂生活,黑膠 張清芳25th 那些你最喜歡的歌 / 張清芳 Vinyl Stella Chang 25th Anniversary Collection / Stella Chang,"$1,540"
音樂生活,黑膠 楊三郎台灣民謠交響樂章 限量版紀念黑膠 / 陳芬蘭,"$1,500"
音樂生活,黑膠 初戀 限量進口雙黑膠盤 / 宇多田光 Vinyl Hatsukoi / Hikaru Utada [Import],"$1,450"
音樂生活,黑膠 孫燕姿 No.13 作品 跳舞的梵谷 / 孫燕姿 Vinyl Sun Yanzi NO.13 A Dancing Van Gogh / Sun Yanzi,"$1,430"
音樂生活,黑膠 偉大的渺小 典藏黑膠版 / 林俊傑 Vinyl Message In A Bottle / JJ Lin,"$1,420"
音樂生活,黑膠 城堡 15周年全球限量紀念版水晶彩膠 / 蔡依林 Vinyl Castle 15th Anniversary Crystal / Jolin Tsai,"$1,390"
音樂生活,黑膠 C'mon in / 陳奕迅 Vinyl C'mon in / Eason Chan,"$1,360"
音樂生活,J-Game 炫麗紫色彩膠 / 蔡依林 Vinyl J-Game / Jolin Tsai,"$1,310"
音樂生活,黑膠 我想念我自己 / 彭佳慧 Vinyl When I Look Back / Julia Peng,"$1,260"
音樂生活,黑膠 美麗傷痕 / 紅粉佳人 Vinyl Beautiful Trauma / P!nk,"$1,260"
音樂生活,黑膠 威震大地 / 賈斯汀 Vinyl Man Of The Woods / Justin Timberlake,"$1,170"
音樂生活,黑膠 藍調萬歲 / 巴弟蓋 Vinyl The Blues Is Alive And Well / Buddy Guy,"$1,170"
音樂生活,黑膠 冠軍全紀錄 限量黃金雙彩膠 / 貓王 Vinyl Elvis 30 #1 Hits / Elvis Presley,"$1,140"
音樂生活,彩膠 恩典 限量紫色彩膠 / 傑夫巴克利 Vinyl Grace Limited Purple Colored Edition / Jeff Buckley,"$1,009"
音樂生活,黑膠 十九歲 / 愛黛兒 Vinyl 19 / Adele,$999
音樂生活,黑膠 二十五歲 / 愛黛兒 Vinyl 25 / Adele,$999
音樂生活,黑膠 二十一歲 / 愛黛兒 Vinyl 21 / Adele,$999
音樂生活,黑膠 祝福 2015黑膠珍藏版 / 瑪麗亞凱莉 Vinyl MERRY CHRISTMAS Deluxe Anniversary Edition / Mariah Carey,$979
音樂生活,黑膠 真情獻藝 / 路克康柏斯 Vinyl This One's For You / Luke Combs,$909
音樂生活,利器 2DVD Sharp Objects 2DVD,$888
音樂生活,藍光 醒著做夢音樂會 限定精裝藍光盤 / 張學友 Wake Up Dreaming Blu-Ray Disc / Jacky Cheung,$799
音樂生活,黑膠 Wishing You A Very Merry Christmas / 合輯 Vinyl Wishing You A Very Merry Christmas / Various Artists,$659
音樂生活,"我們都是有歌的人 / 江美琪 As Song, As Life / Maggie Chiang",$529
音樂生活,犬之島 DVD Isle Of Dogs DVD,$498
音樂生活,超人特攻隊 2 DVD The Incredibles 2 DVD,$498
音樂生活,噤界 DVD A Quiet Place DVD,$498
音樂生活,瘋狂亞洲富豪 DVD Crazy Rich Asians DVD,$498
音樂生活,黑豹 DVD Black Panther DVD,$498
音樂生活,犬之島 電影原聲帶 Isle of Dogs / O.S.T,$489
音樂生活,"一個巨星的誕生 電影原聲帶 Lady Gaga, Bradley Cooper / A Star Is Born O.S.T",$479
音樂生活,皇后合唱團 - 波希米亞狂想曲 電影原聲帶 Queen - Bohemian Rhapsody O.S.T,$479
音樂生活,厭世媽咪日記 DVD Tully DVD,$399
音樂生活,藍光 不可能的任務 1-6 UHD套裝 Mission: Impossible 6-Movie Collection 15-Disc,"$7,500"
音樂生活,Jabra Elite 65e 藍牙耳機 (兩色選),"$7,400"
音樂生活,Jabra Elite Active 65t 真無線運動藍牙耳機 (兩色選),"$7,290"
音樂生活,ION Audio Trio LP 老上海古董AM/FM黑膠唱機 M27286662,"$5,980"
音樂生活,藍光 不可能的任務 1-6 BD套裝 Mission: Impossible 6-Movie Collection 9-Disc,"$3,500"
音樂生活,Jabra Elite 45e 藍牙耳機 (三色選),"$3,490"
音樂生活,BeatsX 入耳 (兩色選),"$3,290"
音樂生活,LilGadgets兒童耳機 藍芽版 黑,"$1,990"
音樂生活,黑膠 家III 限量版黑膠 / 羅大佑 Vinyl HOME III Limited Edition / Lo Ta-yu,"$1,700"
音樂生活,孤獨又燦爛的神 鬼怪 一般版 DVD,"$1,680"
音樂生活,黑膠 典藏聖誕精選 / 法蘭克辛納屈 Vinyl Ultimate Christmas / Frank Sinatra,"$1,500"
音樂生活,LilGadgets兒童耳機 有線版 綠,"$1,290"
音樂生活,黑膠 忘記你我做不到 台灣珍藏盤 / 張學友 Vinyl How Could I Forget You? / Jacky Cheung,"$1,280"
音樂生活,黑膠 祝你聖誕快樂 / 瑪麗亞凱莉 Vinyl Merry Christmas II You / Mariah Carey,"$1,010"
音樂生活,黑膠 天天聖誕 / 希雅 Vinyl EVERYDAY is CHRISTMAS / Sia,$799
音樂生活,黑膠 傳奇聖誕: 與皇家愛樂管弦樂團 / 貓王 Vinyl Christmas With Elvis Presley And The Royal Philharmonic Orchestra / Elvis Presley,$779
音樂生活,黑膠 Frank's Christmas Greetings / 法蘭克辛納屈 Vinyl Frank's Christmas Greetings / Frank Sinatra,$659
音樂生活,聖誕經典輯 / 合輯 Christmas Classics / V.A.,$649
音樂生活,我要給世界最悠長的濕吻 預購版 / 蔡健雅 Kisses For The World Limited Edition / Tanya,$599
音樂生活,L.O.V.E. / 陳奕迅 L.O.V.E. / Eason and the duo band,$599
音樂生活,聖誕節音樂-經典名曲100首 / 環球古典藝人合輯 100 Christmas Masterworks 5CD / Various Artists,$599
音樂生活,終極聖誕歡唱 / 合輯 Ultimate...Christmas Hits / Various Artists,$599
音樂生活,祝你聖誕快樂 CD+DVD 限量盤 / 瑪麗亞凱莉 Merry Christmas II You Limited Edition / Mariah Carey,$509
音樂生活,聖誕節來囉 / 五聲音階 Christmas Is Here / Pentatonix,$499
音樂生活,聖誕時分 / 小賈姬 Someday at Christmas / Jackie Evancho,$499
音樂生活,歡聚聖誕 / 酷音樂團 Christmas Together / The Piano Guys,$489
音樂生活,耶誕星光 / 眾藝人 All Stars Christmas 2CD / Various Artists,$489
音樂生活,多明哥之美聲聖誕佳節 / 普拉西多多明哥 Placido Domingo & Friends Celebrate Christmas in Vienna / Placido Domingo,$489
音樂生活,傳奇聖誕: 與皇家愛樂管弦樂團 國際豪華版 / 貓王 Christmas With Elvis Presley And The Royal Philharmonic Orchestra Deluxe Edition / Elvis Presley,$489
音樂生活,傳奇聖誕 / 約翰傳奇 A Legendary Christmas / John Legend,$479
音樂生活,電影中的聖誕場景 經典配樂選輯 / 羅伯齊格勒 Christmas at the Movies / Robert Ziegler,$479
音樂生活,遠走高飛 進口版 / 諾拉瓊斯 Come Away with Me / Norah Jones [Import],$469
音樂生活,Ella & Louis For Lovers 進口版 / 艾拉費茲潔拉與路易斯阿姆斯壯 Ella Fitzgerald & Louis Armstrong [Import],$469
音樂生活,即興爵士聖誕歌曲輯 進口版 / 艾拉費茲潔拉 Ella Wishes You A Swinging Christmas / Ella Fitzgerald [Import],$469
音樂生活,一千零一夜 進口版 / 莎拉布萊曼 Harem / Sarah Brightman [Import],$469
音樂生活,金選 進口版 / 莎拉布萊曼 CLASSICS BEST OF / Sarah Brightman [Import],$469
音樂生活,祝福 / 瑪麗亞凱莉 Merry Christmas / Mariah Carey,$439
音樂生活,柏林愛樂: 聖誕專輯 / 卡拉揚、李汶、阿巴多等指揮柏林愛樂 Christmas Album / Berliner Philharmoniker,$389
音樂生活,聖誕佳輯 進口版 / 麥可布雷 CHRISTMAS / Michael Buble [Import],$329
音樂生活,B&O PLAY BeoPlay P6藍牙喇叭 紫,"$14,990"
音樂生活,Beats Studio3 Wireless Over MTQW2 (四色選),"$11,900"
音樂生活,JAYBIRD X4 無線運動耳機 (兩色選),"$3,990"
音樂生活,JAYBIRD TARAH 無線運動耳機 (兩色選),"$2,990"
音樂生活,urBeats3 Lightning MUHT2 (三色選),"$1,990"
音樂生活,黑膠 見識過嗎? / The Jimi Hendrix Experience Vinyl Are You Experienced? / The Jimi Hendrix Experience,"$1,120"
音樂生活,彩膠 放克特區 限量黃膠+CD / 馬克朗森 Vinyl Uptown Special Yellow Disc+CD / Mark Ronson,"$1,120"
音樂生活,Vinyl Take Five Great Jazz Instrumentals / V.A. [Import],$999
音樂生活,黑膠 法語情歌專輯 / 席琳狄翁 Vinyl D'eux / Celine Dion,$999
音樂生活,黑膠 愛相隨 / 席琳狄翁 Vinyl 1 file and 4 types / Celine Dion,$999
音樂生活,黑膠 美麗壞東西 / 艾薇兒 Vinyl The Best Damn Thing / Avril Lavigne,$979
音樂生活,黑膠 酷到骨子裡 / 艾薇兒 Vinyl Under My Skin / Avril Lavigne,$979
音樂生活,彩膠 現代未來式 限量白膠 / 湯姆約克 Vinyl TOMORROW'S MODERN BOXES REISSUE WHITE DISC / THOM YORKE,$979
音樂生活,黑膠 娜樣說 進口版 / 蕾哈娜 Vinyl Talk That Talk Explicit Content / Rihanna [Import],$959
音樂生活,彩膠 革命電台 限量圖片膠 / 年輕歲月合唱團 VINYL REVOLUTION RADIO PICTURE DISC / GREEN DAY,$949
音樂生活,黑膠 雨過天晴 / 恩雅 VINYL A DAY WITHOUT RAIN / ENYA,$929
音樂生活,黑膠 樹的回憶 / 恩雅 VINYL THE MEMORY OF TREES / ENYA,$929
音樂生活,黑膠 永恆之約 / 恩雅 VINYL AMARANTINE / ENYA,$929
音樂生活,黑膠 居爾特人 / 恩雅 VINYL THE CELTS / ENYA,$929
音樂生活,黑膠 牧羊人之月 / 恩雅 VINYL SHEPHERD MOONS / ENYA,$929
音樂生活,黑膠 水印 / 恩雅 VINYL WATERMARK / ENYA,$929
音樂生活,黑膠 超級男孩 首張同名專輯 進口版 / 超級男孩 Vinyl *NSYNC / *NSYNC [Import],$909
音樂生活,彩膠 美女與野獸 歌曲篇 電影原聲帶 限量藍膠 Beauty and the Beast: The Songs Blue Soundtrack Colored Vinyl [Import],$909
音樂生活,彩膠 愛的初告白 二十周年紀念限量粉紅彩膠 / 布蘭妮 Vinyl ...Baby One More Time Picture Vinyl / Britney Spears,$889
音樂生活,黑膠 純愛年代 / 戴安娜克瑞兒&東尼班尼特 Vinyl Love Is Here To Stay / Diana Krall & Tony Bennett,$869
音樂生活,黑膠 黑色會 進口版 / 艾美懷絲 Vinyl Back to Black / Amy Winehouse [Import],$869
音樂生活,純金選 進口版 / 阿巴合唱團 Gold: Greatest Hits / ABBA [Import],$469
音樂生活,聽見波伽利 進口版 / 安德烈波伽利 ANDREA / ANDREA BOCELLI [Import],$469
音樂生活,精選輯 進口版 / 瓊拜雅 BEST OF / JOAN BAEZ [Import],$469
音樂生活,波伽利同名專輯 進口版 / 安德烈波伽利 Bocelli / Andrea Bocelli [Import],$469
音樂生活,燃燒 進口版 / 巴布馬利與痛哭者 BURNIN' / BOB MARLEY & THE WAILERS [Import],$469
音樂生活,美聲耶誕情 進口版 / 戴安娜克瑞兒 CHRISTMAS SONGS / Diana Krall [Import],$469
音樂生活,托斯坎尼的天空 進口版 / 安德烈波伽利 Cieli Di Toscana / Andrea Bocelli [Import],$469
音樂生活,Beats Solo3 Wireless 米奇90週年紀念 限量特別版,"$7,990"
音樂生活,華碩ASUS CERBERUS 賽伯洛斯 電競耳機麥克風 90YH0061-B1UA00,"$1,690"
音樂生活,InfoThink 米奇系列藍牙無線耳機 (三色選),"$1,280"
音樂生活,藍光 與神同行 最終審判 貴人典藏版,"$1,180"
音樂生活,舉世盛名 進口盤 / 泰勒絲 (兩規格) Reputation Vol.1 & Vol.2 / Taylor Swift [Import],$758
音樂生活,ELECOM 30週年復刻版 糖果耳機 (三色選),$690
音樂生活,美麗傷痕 / 紅粉佳人 Beautiful Trauma / P!nk,$559
音樂生活,記憶...封存 / 老菸槍雙人組 Memories...Do Not Open / The Chainsmokers,$539
音樂生活,聖誕歡唱 豪華加值版 / 五聲音階 A Pentatonix Christmas Deluxe / Pentatonix,$539
音樂生活,威震大地 獨尊進口版 / 賈斯汀 Man Of The Woods / Justin Timberlake,$519
音樂生活,情牽卡蜜拉 / 卡蜜拉 Camila / Camila Cabello,$519
音樂生活,流行警報 / 瑪麗亞凱莉 Caution / Mariah Carey,$499
音樂生活,藍光 忍者龜 變種世代 3D+2D 鐵盒版 Teenage Mutant Ninja Turtles 3D+2D (Combo) FuturePak,"$1,280"
音樂生活,黑膠 光芒萬丈 / 瑪丹娜 (兩版本) Vinyl Ray Of Light / Madonna,"$1,050"
音樂生活,黑膠 情慾 / 瑪丹娜 Vinyl Erotica / Madonna,"$1,050"
音樂生活,彩膠 魔鏡夢遊 電影原聲帶 Songs From Alice In Wonderland Picture Disc,$999
音樂生活,彩膠 鐘樓怪人 電影原聲帶 Songs From The Hunchback Of Notre Dame Picture Disc,$999
音樂生活,彩膠 與森林共舞 電影原聲帶 Music From The Jungle Book Picture Disc,$999
音樂生活,彩膠 白雪公主 電影原聲帶 Songs From Snow White And The Seven Dwarfs Picture Disc,$999
音樂生活,彩膠 小鹿斑比 電影原聲帶 Music From Bambi Picture Disc,$999
音樂生活,藍光 皮巴弟先生與薛曼的時光冒險 3D+2D 雙碟版 MR. PEABODY SHERMAN 3D+2D,$998
音樂生活,藍光 里約大冒險 2 3D+2D雙碟版 RIO 2 3D+2D,$998
音樂生活,黑膠 海洋奇緣 電影原聲帶 Vinyl MOANA O.S.T,$769
音樂生活,黑膠 瑪丹娜同名專輯 / 瑪丹娜 (兩版本) Vinyl Madonna / Madonna,$699
音樂生活,黑膠 宛如祈禱者 / 瑪丹娜 (兩版本) Vinyl Like A Prayer / Madonna,$699
音樂生活,黑膠 枕邊故事 / 瑪丹娜 Vinyl Bedtime Stories 2016 Re-issue / Madonna,$599
音樂生活,多美好的世界啊! / 路易斯阿姆斯壯 [進口版] What A Wonderful World / Louis Armstrong [Import],$479
音樂生活,比·比·金和朋友們 / 比·比·金 [進口版] B.B.King & Friends / B.B.King [Import],$479
音樂生活,有何不可 / 小紅莓合唱團 [進口版] Everybody Else Is Doing It So Why Can't We / The Cranberries [Import],$479
音樂生活,日落時分 / 魔法少女 席琳娜 [進口版] When The Sun Goes Down / Selena Gomez & The Scene [Import],$479
音樂生活,星跳 / 席琳娜 [進口版] Stars Dance Deluxe Version / Selena Gomez [Import],$479
音樂生活,那年不下雨 / 席琳娜 [進口版] A Year Without Rain / Selena Gomez & The Scene [Import],$479
音樂生活,娜妹好壞 / 蕾哈娜 [進口版] Good Girl Gone Bad / Rihanna [Import],$479
音樂生活,甦醒 / 共和世代 [進口版] Waking Up / OneRepublic [Import],$479
音樂生活,雷丁音樂祭演唱紀實 / 超脫合唱團 [進口版] Live At Reading / Nirvana [Import],$479
音樂生活,玩美自信 / 黛咪洛瓦特 [進口版] Confident / Demi Lovato [Import],$479
音樂生活,蓋茲與吉芭托 / 蓋茲與吉芭托 [進口版] GETZ/GILBERTO / Stan Getz & Joao Gilberto [Import],$479
音樂生活,蒙特羅爵士音樂節 / 比爾艾文斯 [進口版] At The Montreux Jazz Festival / Bill Evans [Import],$479
音樂生活,跨世紀經典名曲 / 瓊拜雅 [進口版] Universal Masters / Joan Baez [Import],$479
音樂生活,意猶未盡 / 加農砲艾得利 [進口版] Somethin' Else / Cannonball Adderley [Import],$479
音樂生活,想要你 / 阿巴合唱團 [進口版] Voulez-Vous / ABBA [Import],$479
音樂生活,阿巴來了 / 阿巴合唱團 [進口版] Arrival / ABBA [Import],$479
音樂生活,愛的容顏 / 戴安娜克瑞兒 [進口版] The Look Of Love / Diana Krall [Import],$479
音樂生活,應邀演出 / 奧斯卡彼德生 [進口版] We Get Requests / Oscar Peterson [Import],$479
音樂生活,Marshall Stanmore Multi-room 無線多空間串流系統喇叭 (兩色選),"$19,900"
音樂生活,Marshall ACTON Multi-room system無線多空間串流系統喇叭 (兩色選),"$15,900"
音樂生活,B&O PLAY BeoPlay E6 藍牙耳機 (兩色選),"$10,990"
音樂生活,TICHOME 愛講 問問智慧音箱 WF62018 月球灰色,"$7,590"
音樂生活,SONY 藍芽喇叭 SRS-XB41 (四色選),"$6,990"
音樂生活,SOUL RUN FREE PRO BIO 智能語音教練無線跑步耳機,"$5,600"
音樂生活,SONY WF-SP700N 真無線耳機 (四色選),"$5,490"
音樂生活,Plantronics 繽特力 BACKBEAT FIT 3100 真無線藍牙耳機 (兩色選),"$5,390"
音樂生活,Marley No Bounds Sport 無線防水藍牙喇叭 (三色選),"$3,599"
音樂生活,Creative Outlier 無線藍牙防水運動耳機 (三色選),"$2,999"
音樂生活,莫文蔚 /《i》LP,"$1,520"
音樂生活,莫文蔚 /《X》LP,"$1,520"
音樂生活,莫文蔚 /《拉活…莫文蔚》LP,"$1,520"
音樂生活,莫文蔚 /《我們在中場相遇》LP,"$1,520"
音樂生活,藍光 變形金剛 3 密卡登機器人版 Tranformers 3 Megatron Boxset,"$1,500"
音樂生活,Urbanears Reimers 運動款入耳式耳機 奔騰 紅 for Android,"$1,390"
音樂生活,藍光 黑暗騎士：黎明昇起 雙碟鐵盒版 DARK KNIGHTS RISES STEELBOOK,"$1,180"
音樂生活,藍光 雷神索爾2 黑暗世界 3D+2D 鐵盒珍藏版 Thor The Dark World 3D+2D Steelbook,"$1,080"
音樂生活,藍光 海底總動員2：多莉去哪兒？ 3D+2D 限量鐵盒版 Finding Dory 3D+2D Steelbook,"$1,080"
音樂生活,SOL REPUBLIC Relays 入耳式耳機/單鍵式 (三色選),$999
音樂生活,藍光 玩具總動員 3 雙碟版 Toy Story 3 2BD,$998
音樂生活,黑膠 純淨精選輯 / 瑪丹娜 Vinyl Immaculate Collection / Madonna,$989
音樂生活,藍光 死侍2 雙碟限定版 [BD],$888
音樂生活,i2 艾思奎Bom Bom藍牙喇叭,$790
音樂生活,i2 艾思奎音符耳機,$599
音樂生活,Sì / 安德烈波伽利 Andrea Bocelli,$509
音樂生活,CLiPtec FIRE-BULLET 入耳式電競耳機麥克風,$499
音樂生活,CLiPtec FIRE-FORCE 入耳式電競耳機麥克風 (兩色選),$499
音樂生活,i2艾思奎 Bee 蜂聲入耳式耳機 (兩色選),$399
音樂生活,CLiPtec Chrome Modenz 頭戴式立體聲耳機 (兩色選),$399
音樂生活,CLiPtec Modenz 迷你頭戴式立體聲耳機,$369
音樂生活,i2 艾思奎香檳耳機/線控麥克風 (兩色選),$349
音樂生活,CLiPtec G-HALLO入耳式耳機麥克風 (兩色選),$289
音樂生活,CLiPtec Color Band 時尚造型頭戴式耳機,$289
音樂生活,i2 艾思奎貝殼耳機/線控麥克風 (兩色選),$249
音樂生活,CLiPtec 音源傳輸線 3M,$169
音樂生活,CLiPtec 音源傳輸線 1.5M,$149
音樂生活,CLiPtec METALLI立體聲音源傳輸線 1M,$149
音樂生活,丹麥B&O PLAY Beolit 17 藍芽喇叭 (兩色選),"$19,990"
音樂生活,丹麥B&O PLAY BeoPlay P6 藍牙喇叭(兩色選),"$14,990"
音樂生活,Beats Studio3 Wireless 頭戴式藍牙耳機 Decade Collection 十週年紀念款,"$11,900"
音樂生活,丹麥B&O PLAY Earset耳機(兩色選),"$10,990"
音樂生活,Beats Solo3 Wireless 頭戴式藍牙耳機 Decade Collection 十週年紀念款,"$9,990"
音樂生活,鐵三角 ATH-DWL770 2.4G高傳真立體聲可切換數位無線耳機組,"$9,280"
音樂生活,SOUL COMBAT頂級性能罩耳式耳機,"$6,499"
音樂生活,Beats Powerbeats3 Wireless 入耳式耳機 Decade Collection 十週年紀念款,"$6,490"
音樂生活,UE BOOM 2 藍牙喇叭(三色選),"$5,990"
音樂生活,SONY MUC-M2BT1 耳機連接線 相容XBA 系列耳機,"$5,990"
音樂生活,SONY WH-CH700N BT 降噪耳罩(三色選)降噪耳機 耳罩式耳機,"$4,990"
音樂生活,SPINBOX DIY傻瓜黑膠唱片機 (四色選),"$3,480"
音樂生活,SOUL IMPACT WIRELESS 高效無線藍牙耳機 白色,"$3,200"
音樂生活,UE Wonder BOOM 防水無線藍芽喇叭 Freestyle Collection 系列(五色選),"$2,490"
音樂生活,Divoom Tivoo智慧復古電視藍牙喇叭 (六色選),"$2,480"
音樂生活,SONY WI-SP500 BT 入耳耳機(四色選),"$2,390"
音樂生活,Sudio Niva 真無線耳機(兩色選),"$2,380"
音樂生活,Marley No Bounds 無線防水藍牙喇叭 (四色選),"$2,299"
音樂生活,SONY WH-CH500 BT 無線耳罩式耳機(三色選),"$2,290"
音樂生活,JBL DuetMini 藍牙耳機(三色選),"$2,290"
音樂生活,HAPPY PLUGS In-Ear Wireless入耳式藍牙耳機(四色選),"$1,990"
音樂生活,麻醉風暴1+2 限量套裝版 [DVD],"$1,800"
音樂生活,SOUL K-POP 超高性能入耳式耳機,"$1,650"
音樂生活,SONY WH-CH400 BT 無線耳罩式耳機(四色選),"$1,590"
音樂生活,SONY WI-C300 BT 無線入耳式耳機(四色選),"$1,590"
音樂生活,Happy Plugs 音符入耳式耳機 特仕款(兩色選),"$1,260"
音樂生活,SOUL PRIME2 最佳音效入耳式耳機 (兩色選),"$1,199"
音樂生活,Happy Plugs Earbud Plus Black Marble 極致耳塞式耳機(三色選),"$1,080"
音樂生活,i2艾思奎 VIBRATE 線控耳罩式耳機搖滾紅,$899
音樂生活,通靈少女[DVD] 共6集,$899
音樂生活,InfoThink 復仇者聯盟耳機(兩色選),$890
音樂生活,藍光 萌牛費迪南 [BD],$798
音樂生活,藍光 一級玩家 [BD],$798
音樂生活,InfoThink 死侍系列就可愛耳機 漫威 訊想死侍電影周邊,$790
音樂生活,"巴哈：無伴奏大提琴組曲 / 馬友友 (2CD) Six Evolutions - Bach : Cello Suites,Yo-Yo Ma (2CD)",$539
音樂生活,i2 艾思奎BomBom 頭戴式耳機,$499
音樂生活,萌牛費迪南 [DVD],$498
音樂生活,i2 艾思奎兔斯基膠囊耳機 (三色選),$249
音樂生活,丹麥B&O PLAY BeoPlay H9i 觸控降噪 無線藍牙耳罩(兩色選),"$19,990"
音樂生活,丹麥B&O PLAY BeoPlay H8i 藍芽耳罩式 無線耳機(兩色選),"$14,990"
音樂生活,丹麥B&O PLAY BeoPlay M3 喇叭 (兩色選)Bang & Olufsen藍牙喇叭,"$10,990"
音樂生活,丹麥B&O PLAY BeoPlay H4耳機(兩色選),"$9,990"
音樂生活,丹麥B&O PLAY BeoPlay E4 主動降噪耳機 黑,"$9,490"
音樂生活,YEVO1 真無線藍芽耳機(兩色選),"$7,990"
音樂生活,DUOECHO 雙聲道藍芽喇叭 磁吸式鋁合金材質 四獨立單體 (五色選) 曜石黑獨家販售,"$6,990"
音樂生活,Jaybird RUN 無線 藍牙運動耳機 (兩色選),"$6,490"
音樂生活,Jabra Elite 65t 真無線BT耳機 (三色選),"$6,290"
音樂生活,Jaybird Freedom 2 藍牙無線運動耳機(三色選),"$4,990"
音樂生活,SOUL X-SHOCK 真無線藍牙耳機 黑,"$4,600"
音樂生活,鐵三角 AT-PHA55BT 藍牙無線耳機擴大機,"$4,400"
音樂生活,鐵三角 ATH-SPORT70BT 耳掛式 藍牙耳機(二色選),"$4,280"
音樂生活,BlueAnt PUMP Air 真無線藍牙運動耳機 (三色選),"$3,999"
音樂生活,JLab Epic Executive 抗噪耳機,"$3,999"
音樂生活,Urbanears Plattan II BT 藍芽耳罩式耳機(五色選),"$3,680"
音樂生活,藍光 漫威電影世界 第二階段大合集 [BD] 復仇者聯盟,"$3,490"
音樂生活,藍光 漫威電影世界 第一階段大合集 [BD] 復仇者聯盟,"$3,490"
音樂生活,Sudio Tre系列藍牙運動入耳式耳機(四色選),"$3,280"
音樂生活,JLab Fit 2.0 藍牙運動耳機 (三色選),"$2,999"
音樂生活,鐵三角 ATH-SPORT50BT 耳掛式 藍芽耳機(四色選),"$2,650"
音樂生活,aiwa愛華 無線藍牙入耳式通話耳機(兩色選),"$2,580"
音樂生活,Topmore 漫威系列 防水運動耳機(三色選),"$2,380"
音樂生活,鐵三角 ATH-EM7x 鋁金屬製機殼耳掛式耳機,"$2,200"
音樂生活,SOL REPUBLIC Relays 藍牙運動耳機 (三色選),"$1,999"
音樂生活,漫威電影世界 第二階段大合集 [DVD] 復仇者聯盟,"$1,990"
音樂生活,JLab JBuds Pro 藍牙運動耳機 (三色選),"$1,799"
音樂生活,InfoThink 無線藍牙麥克風 鋼鐵人 漫威,"$1,680"
音樂生活,InfoThink 星際異攻隊 復刻版隨身聽藍牙喇叭,"$1,480"
音樂生活,MOGICS MS1 高音質漂浮藍牙喇叭 (兩色選),"$1,399"
音樂生活,InfoThink訊想 BAYMAX 杯麵藍牙燈光喇叭,"$1,280"
音樂生活,InfoThink 玩音樂 藍牙燈光喇叭 鋼鐵人,"$1,280"
音樂生活,藍光 與神同行 地獄特藏版 [BD],"$1,180"
音樂生活,SOL REPUBLIC Jax 入耳式耳機 單鍵式 (五色選),$799
音樂生活,aiwa愛華 入耳式有線通話耳機(四色選),$790
音樂生活,一級玩家電影原聲帶 Ready Player One Songs From The Motion Picture / O.S.T [CD],$509
音樂生活,可可夜總會[DVD],$498
音樂生活,血觀音 [DVD],$450
音樂生活,Beats Studio3 Wireless 頭戴式藍牙耳機 (六色選/公司貨),"$11,900"
音樂生活,丹麥B&O PLAY Beoplay E8 真無線藍牙耳機(兩色選),"$10,990"
音樂生活,Beats Solo3 Wireless 頭戴式藍牙耳機 Neighborhood Collection (四色選),"$9,990"
音樂生活,SONY WI-1000X/BM E 無線藍牙降噪入耳耳機,"$9,990"
音樂生活,vifa 雷克雅維克 藍牙無線攜帶式揚聲器 (兩色選),"$8,990"
音樂生活,Beats Pill+ 揚聲器 藍牙喇叭 (兩色選/公司貨),"$6,290"
音樂生活,Marley Get Together Mini 藍牙喇叭 木質喇叭,"$5,999"
音樂生活,《限時優惠》Bragi The Headphone 長效真無線耳機/骨傳導耳機(黑),"$4,990"
音樂生活,英國Goodmans 黑膠唱片機 Lion 獅子合唱團限量版,"$4,380"
音樂生活,Marley Riddim 藍牙喇叭 木質喇叭 皮製提帶 (兩色選),"$3,999"
音樂生活,SOUL ST-XS 高性能真無線藍牙耳機,"$3,800"
音樂生活,Marley Chant Sport 無線防水藍牙喇叭 (兩色選),"$3,299"
音樂生活,Xpump 3D環繞音效引擎 家庭劇院,"$3,190"
音樂生活,SOL REPUBLIC Shadow 無線藍牙耳機 頸掛 (兩色選),"$2,999"
音樂生活,ERATO VERSE 真無線藍牙耳機 (兩色選),"$2,980"
音樂生活,Plantronics BB FIT 305藍芽耳機 (四色選),"$2,880"
音樂生活,Marley Smile Jamaica 無線藍牙耳機 頸掛 木紋 (四色選),"$1,999"
音樂生活,SOUL PRIME WIRELESS 藍牙耳機 (四色選),"$1,800"
音樂生活,Marley Voyage 無線藍牙運動耳機 木紋,"$1,799"
音樂生活,Jam Jamoji LOL 藍牙喇叭/表情符號藍芽喇叭,$999
音樂生活,Jam Jamoji KISS 藍牙喇叭/表情符號藍芽喇叭,$999
音樂生活,美國Jam Jamoji 小惡魔 藍牙喇叭/表情符號藍芽喇叭,$999
音樂生活,《限時優惠》TSUM TSUM玩音樂藍牙燈光喇叭 雪寶 Olaf,$842
音樂生活,《限時優惠》TSUM TSUM玩音樂藍牙燈光喇叭 巴斯光年 Buzz,$842
音樂生活,《限時優惠》TSUM TSUM玩音樂藍牙燈光喇叭 三眼怪 Alien,$842
音樂生活,SOUL FLEX2 運動型防汗耳機 (三色選),$950
音樂生活,Marley Smile Jamaica 入耳式耳機 (六色選),$890
音樂生活,海底總動員 1+2 合集 [DVD] 皮克斯Pixar,$798
音樂生活,藍光 我和我的冠軍女兒 [BD],$798
音樂生活,藍光 軍艦島 [BD],$698
音樂生活,Finally 3CD+DVD / 安室奈美惠 25 Finally 1992-2017,$659
音樂生活,Finally 3CD / 安室奈美惠 25 Finally 1992-2017,$599
音樂生活,XROUND 高解析3.5mm音源線,$599
音樂生活,痛快感受 (特別加值版) / 山姆史密斯Sam Smith [CD],$499
音樂生活,2018葛萊美的喝采 /合輯 [CD],$499
音樂生活,海底總動員2 多莉去哪兒 [DVD] 皮克斯Pixar,$498
音樂生活,恐龍當家 [DVD] 皮克斯Pixar,$498
音樂生活,我和我的冠軍女兒 [DVD],$450
音樂生活,美國BLUE Ella 專業平面振膜耳機(內建擴大機),"$27,500"
音樂生活,華碩ASUS Zenbo豪華超值版 128G智慧機器人,"$24,900"
音樂生活,美國BLUE Sadie Hi-Fi定製耳機 (內建擴大機),"$16,000"
音樂生活,丹麥B&O PLAY BeoPlay H4 藍牙耳罩耳機 (兩色選),"$9,990"
音樂生活,SONY MDR-XB950N1 耳罩 (兩色選),"$7,490"
音樂生活,SONY 無線藍牙降噪真無線入耳式耳機 WF-1000X (兩色選),"$6,590"
音樂生活,丹麥B&O PLAY BeoPlay P2 藍牙喇叭,"$5,900"
音樂生活,Erato MUSE 5 真無線3D立體聲藍牙耳機 (四色選),"$4,980"
音樂生活,鐵三角ATH-CKR75BT 藍牙無線耳機 (四色選),"$4,680"
音樂生活,Plantronics Voyager 3200 藍牙耳機 (三色選),"$3,490"
音樂生活,法國文創 eoz one鋁鎂皮感無線藍牙耳機 (三色選),"$3,290"
音樂生活,鐵三角Audio-Technica CKR55BT 藍牙無線耳機 (四色選),"$3,200"
音樂生活,Erato Rio 3 無線藍牙運動耳機 (五色選),"$2,980"
音樂生活,SOUL IMPACT OE WIRELESS 高效無線藍牙頭戴式耳機,"$2,899"
音樂生活,藍光 冰與火之歌 權力遊戲 第一季 [BD],"$2,090"
音樂生活,藍光 冰與火之歌 權力遊戲 第二季 [BD],"$2,090"
音樂生活,藍光 冰與火之歌 權力遊戲 第三季 [BD],"$2,090"
音樂生活,藍光 冰與火之歌 權力遊戲 第五季 [BD],"$2,090"
音樂生活,藍光 冰與火之歌 權力遊戲 第四季 [BD],"$2,090"
音樂生活,藍光 冰與火之歌 權力遊戲 第六季 [BD],"$2,090"
音樂生活,《限時優惠》SONY 可攜式防潑水 重低音藍牙喇叭 SRS-XB10 (六色選)高強度心率,"$1,890"
音樂生活,SONY MDR-XB550AP 立體聲耳罩,"$1,690"
音樂生活,SONY MDR-XB550AP 立體聲耳罩,"$1,690"
音樂生活,訊想InfoThink 迪士尼小熊維尼 無線藍牙麥克風 台灣製,"$1,680"
音樂生活,藍色海洋的傳說 限量版 [DVD] 送精美桌墊,"$1,680"
音樂生活,ELECOM BLACK高音質耳麥 (兩色選),"$1,190"
音樂生活,《限時優惠》TSUM TSUM玩音樂藍牙燈光喇叭 米奇,$842
音樂生活,藍光 比利林恩的中場戰事 [BD],$890
音樂生活,藍光 擺渡人 [BD],$800
音樂生活,Cars 1+2 典藏特別版 [2DVD] 皮克斯Pixar,$798
音樂生活,Dreams Donuts Earphone 甜甜圈耳機禮物組 (四色選),$790
音樂生活,紅藍藥丸Red Pill Blues 2CD Deluxe Edition / 魔力紅Maroon 5 [CD],$499
音樂生活,C’mon in / 陳奕迅 [CD],$469
音樂生活,月光下的藍色男孩 Moonlight [DVD],$399
音樂生活,W兩個世界 全16集 [DVD],$399
音樂生活,丹麥B&O PLAY BeoPlay M5 藍牙喇叭 星光銀,"$21,990"
音樂生活,丹麥B&O PLAY BeoPlay M5 藍牙喇叭 尊爵黑,"$21,990"
音樂生活,丹麥B&O PLAY BeoPlay A2 Active 藍牙喇叭,"$14,990"
音樂生活,Goodmans Heritage Portable 英國經典復古攜帶型藍牙Wi-Fi音響(二色選)* Goodmans喇叭,"$13,800"
音樂生活,Beats Solo3 Wireless 頭戴式藍牙耳機 (九色選),"$9,990"
音樂生活,美國 BLUE Raspberry 全裝置USB麥克風(公司貨),"$8,000"
音樂生活,moshi Avanti 耳罩式耳機 (三色選),"$6,500"
音樂生活,Beats Powerbeats3 Wireless 入耳式耳機 (五色選),"$6,490"
音樂生活,《限時優惠》Erato Apollo 7 真無線立體聲藍牙耳機(四色選)ERATO真無線,"$4,980"
音樂生活,SONY 無線藍牙耳掛式 重低音運動耳機 MDR-XB80BS (三色選),"$4,490"
音樂生活,美國jam Heavy Metal 無線藍牙喇叭,"$3,999"
音樂生活,美國SOUL WavePower 360度 環迴立體聲無線藍牙揚聲器,"$3,899"
音樂生活,Beats EP 耳罩式耳機 ML9D2P (四色選),"$3,290"
音樂生活,SONY 無線藍牙頸掛式 重低音運動耳機 MDR-XB70BT (三色選),"$3,290"
音樂生活,SONY 無線藍牙入耳式 重低音運動耳機 MDR-XB50BS (三色選),"$2,690"
音樂生活,瑞典 Urbanears Plattan II 經典耳罩式耳機 (七色選),"$2,190"
音樂生活,繽特力Plantronics E110 藍牙耳機(二色選)藍牙通話耳機,"$1,790"
音樂生活,Happy Plugs 音符入耳式耳機 奢華限定款 音符耳機(三色選),"$1,260"
音樂生活,英國 Wraps 時尚自然手環耳機 皮革黑(可通話),"$1,190"
音樂生活,E-books D14 LED觸控式夜燈藍牙喇叭,"$1,150"
音樂生活,Happy Plugs 音符耳塞式耳機 奢華限定款 音符耳機(三色選),"$1,099"
音樂生活,Happy Plugs 音符極致耳塞式耳機 奢華限定款 音符耳機(六色選),"$1,080"
音樂生活,《限時優惠》TSUM TSUM玩音樂藍牙燈光喇叭 熊抱哥Lotso,$842
音樂生活,Apple EarPods 具備Lightning 連接器 Apple原廠配件,$990
音樂生活,吉卜力 藍光 霍爾的移動城堡 BD+DVD [BD],$888
音樂生活,聲吶SONAR世界巡迴演唱會 / A-Lin [2DVD],$879
音樂生活,英國 Wraps 粉彩編織手環耳機 彩虹(可通話),$850
音樂生活,訊想InfoThink 星際大戰帝國震撼耳機,$790
音樂生活,2017維也納新年音樂會 / 杜達美 & 維也納愛樂 [DVD],$669
音樂生活,2017維也納新年音樂會 / 杜達美 & 維也納愛樂 [CD],$549
音樂生活,樂來越愛你 台壓版 / 電影原聲帶 [CD],$479
音樂生活,酷寶：魔弦傳說 [DVD],$450
音樂生活,走音天后 [DVD] 奧斯卡,$399
音樂生活,魔髮精靈 [DVD],$299
音樂生活,Apple Lightning 對 3.5 公釐耳機插孔轉接器 Apple原廠配件,$290
音樂生活,丹麥B&O PLAY H8 藍牙無線耳罩式耳機,"$19,800"
音樂生活,SONY 平衡電樞立體聲耳機 XBA-N3AP,"$10,900"
音樂生活,丹麥B&O PLAY BeoPlay H5 無線藍牙耳機 (三色選) *,"$7,990"
音樂生活,Samsung Gear IconX無線藍牙運動耳機(三色選),"$5,990"
音樂生活,繽特力 Plantronics RIG 500 E 遊戲電競耳機,"$5,499"
音樂生活,Plantronics Voyager 5200 藍牙耳機 藍牙通話耳機,"$4,390"
音樂生活,《限時優惠》Goodmans Ealing Turntable 英國手提箱黑膠唱片機 (兩色選),"$3,980"
音樂生活,美國SOUL RUN FREE PRO 無線藍牙運動耳機,"$3,600"
音樂生活,美國 SOUL IMPACT WIRELESS 高效無線藍牙耳機,"$2,800"
音樂生活,繽特力 Plantronics RIG 500 封閉式耳罩 遊戲電競耳機,"$2,199"
音樂生活,繽特力Plantronics RIG 505 LAVA開放式耳機 遊戲電競耳機,"$2,199"
音樂生活,OLYMPUS 數位錄音筆 VN-731PC,"$2,000"
音樂生活,《限時優惠》美國SOUL PRIME最佳音效入耳式耳機 (三色選),"$1,750"
音樂生活,美國SOUL STORM 防水無線藍牙喇叭 (四色選)高強度心率,"$1,650"
音樂生活,哈利波特 終極全套合集 紀念版 [16DVD],"$1,500"
音樂生活,2015 祝福演唱會Live / 江蕙 [DVD/BD],"$1,320"
音樂生活,怪獸與牠們的產地 雙碟豪華版 / 電影原聲帶 [CD],$999
音樂生活,《限時優惠》TSUM TSUM玩音樂藍牙燈光喇叭 史迪奇,$842
音樂生活,《限時優惠》TSUM TSUM玩音樂藍牙燈光喇叭 小熊維尼,$990
音樂生活,《限時優惠》TSUM TSUM玩音樂藍牙燈光喇叭 米妮,$842
音樂生活,彩膠 自由90 12吋單曲圖膠 / 喬治麥可 Freedom! '90 Picture Disc  / George Michael,$909
音樂生活,IF only 如果 田馥甄巡迴演唱會LIVE / 田馥甄 [DVD] NEWIN,$879
音樂生活,2015 祝福演唱會Live / 江蕙 [CD],$629
音樂生活,酷炫秘音 豪華限定版 CD+DVD / 酷音樂團 [CD],$609
音樂生活,紐約狂想曲 / 郎朗 首張跨界爵士流行專輯 [CD],$569
音樂生活,破曉 Day Breaks / 諾拉瓊絲 Norah Jones [CD],$499
音樂生活,怪獸與牠們的產地 / 電影原聲帶 [CD],$499
音樂生活,馬友友與絲路合奏團 Sing Me Home / Yo-Yo Ma & The Silk Road Ensemble 絲路．鄉愁,$499
音樂生活,LION CD+吉他譜 / 獅子合唱團 [CD],$479
音樂生活,海底總動員2 多莉去哪兒 / 電影原聲帶 [CD],$479
音樂生活,王若琳 / 霸凌之家 [CD],$479
音樂生活,馬友友與絲路音樂會 [DVD],$450
音樂生活,巴莎小情歌 / 精選輯 [CD],$440
音樂生活,Beats by Dr. Dre Solo2 耳罩式耳機 (豪華版)(共四色),"$6,490"
音樂生活,Beats Pill+ 揚聲器 藍牙喇叭(三色選/公司貨),"$6,290"
音樂生活,Chord & Major 01'16 電子音樂調性耳機 入耳式,"$5,880"
音樂生活,urBeats 入耳式耳機MUSIC,"$3,990"
音樂生活,MOTO Hint+ 迷你型耳塞式藍牙抗躁可通話耳機 Motorola,"$3,680"
音樂生活,魔天倫世界巡迴演唱會 DVD+2CD / 周杰倫 [CD],"$1,160"
音樂生活,周杰倫的床邊故事 精裝版 / 周杰倫 [CD] 好音樂,"$1,090"
音樂生活,吉卜力 藍光 心之谷 BD+DVD 限定版 [BD],$888
音樂生活,吉卜力 藍光 平成狸合戰 BD+DVD 限定版 [BD],$888
音樂生活,吉卜力 藍光 地海戰記 BD+DVD 限定版 [BD],$888
音樂生活,吉卜力 藍光 兒時的點點滴滴 BD+DVD [BD],$888
音樂生活,吉卜力 藍光 紅豬 BD+DVD 限定版 [BD],$888
音樂生活,吉卜力 藍光 隔壁的山田君 BD+DVD 限定版,$888
音樂生活,吉卜力 藍光 魔女宅急便 BD+DVD 限定版 [BD],$888
音樂生活,吉卜力 藍光 魔法公主 BD+DVD 限定版 [BD],$888
音樂生活,吉卜力 藍光 來自紅花土坂 FROM UP ON POPPY HILL [BD],$798
音樂生活,吉卜力 藍光 風起 THE WIND RISES [BD],$798
音樂生活,吉卜力 藍光 崖上的波妞 [BD],$798
音樂生活,吉卜力 霍爾的移動城堡 [DVD],$650
音樂生活,吉卜力 天空之城 [DVD],$550
音樂生活,吉卜力 心之谷 [DVD],$550
音樂生活,吉卜力 平成狸合戰 [DVD],$550
音樂生活,吉卜力 兒時的點點滴滴 [DVD],$550
音樂生活,吉卜力 紅豬 [DVD],$550
音樂生活,吉卜力 風之谷 [DVD],$550
音樂生活,吉卜力 海潮之聲 [DVD],$550
音樂生活,吉卜力 神隱少女 [DVD],$550
音樂生活,吉卜力 崖上的波妞 雙碟 [DVD],$550
音樂生活,吉卜力 隔壁的山田君 [DVD],$550
音樂生活,吉卜力 貓的報恩 [DVD],$550
音樂生活,吉卜力 龍貓 [DVD],$550
音樂生活,吉卜力 魔女宅急便 [DVD],$550
音樂生活,吉卜力 魔法公主 [DVD],$550
音樂生活,天台 電影原聲帶周杰倫 [CD],$549
音樂生活,吉卜力 地海戰記 [DVD],$498
音樂生活,吉卜力 來自紅花坂 [DVD],$498
音樂生活,吉卜力 風起 THE WIND RISES [DVD],$498
音樂生活,吉卜力 借物少女艾莉緹 [DVD],$498
音樂生活,上癮ORIGINAL SOUND‧長宇愛過你 2CD 好音樂,$389
音樂生活,丹麥B&O PLAY BeoPlay A1 藍牙喇叭揚聲器,"$9,580"
音樂生活,藍光 X戰警系列7碟套裝 (含未來昔日),"$5,800"
音樂生活,Sennheiser 聲海 MOMENTUM In-Ear 入耳式耳機,"$4,800"
音樂生活,OLYMPUS 微型數位錄音筆 VP-10,"$3,990"
音樂生活,SONY 完美焦點錄音筆4GB ICD-UX560F (四色選),"$3,990"
音樂生活,Sennheiser 聲海 CX5.00i iOS專用 入耳式耳機,"$3,750"
音樂生活,皮克斯動畫大合集 [DVD],"$2,990"
音樂生活,瑞典設計 Sudio VASA 藍牙耳道式耳機(四色選) 附真皮保護套,"$2,880"
音樂生活,瑞士Lifetrons DrumbBass BT III 迷你金屬藍牙無線喇叭,"$2,680"
音樂生活,Sudio Vasa 耳道式耳機 - Android系統專用,"$2,450"
音樂生活,Sudio Vasa 耳道式耳機 - iOS系統專用,"$2,380"
音樂生活,瑞典Urbanears Reimers 蘋果運動耳塞式耳機 (Apple iOS系統專用) 四色選,"$1,800"
音樂生活,芭比芭蕾公主合輯 [DVD],"$1,600"
音樂生活,藍光 魔天倫世界巡迴演唱會/周杰倫 [BD],"$1,420"
音樂生活,新世紀福爾摩斯1-3季套裝 [6DVD],"$1,250"
音樂生活,瑞典Urbanears Sumpan 耳塞式耳機 (五色選),"$1,180"
音樂生活,藍光 恐龍當家 3D+2D 限量鐵盒版,"$1,080"
音樂生活,花千骨 全50集 [10DVD],"$1,080"
音樂生活,藍光 惡棍英雄 死侍 鐵盒版 [BD] 漫威,"$1,080"
音樂生活,妖怪手錶 1 [4DVD],$990
音樂生活,妖怪手錶 2 [4DVD],$990
音樂生活,魔天倫世界巡迴演唱會/周杰倫 [DVD],$879
音樂生活,妖怪手錶: 音樂精選輯 第一季 [CD+2DVD],$649
音樂生活,學齡前小朋友的最愛 Toddler Favorites CD,$649
音樂生活,迪士尼寶寶搖籃曲 Disney Lullaby Album [CD]寶貝禮品,$599
音樂生活,冰雪奇緣 精裝加值盤 Frozen Deluxe Edition 2CD,$579
音樂生活,星際大戰首部曲 威脅潛伏 Phantom Menace / 電影原聲帶 [O.S.T],$499
音樂生活,Star Wars 原力覺醒 DVD,$498
音樂生活,最愛迪士尼 拉丁選 We Love Disney Latino / 音樂合輯 [O.S.T],$479
音樂生活,蔡琴 / 哈利路亞 (CD) 好音樂,$479
音樂生活,迪士尼嬰兒搖籃曲 Disney Baby Lullaby [CD],$459
音樂生活,迪士尼搖籃曲 第二輯 Disneys Lullaby Album寶貝禮品,$399
音樂生活,丹麥B&O PLAY BeoPlay H3 ANC 主動式降噪輕金屬入耳式耳機,"$8,990"
音樂生活,DENON Envaya Mini DSB-100 隨身藍牙喇叭 **,"$6,990"
音樂生活,SONY h.ear on 高解析音質耳機 MDR-100AAP(五色選),"$4,490"
音樂生活,藍光 星際大戰STAR WARS全系列套裝黑武士版 (9碟裝),"$3,500"
音樂生活,藍光 飛機總動員 1+2 合集 (3BD),"$1,288"
音樂生活,藍光 小小兵 Minions 3D+2D 蛋頭雙碟鐵盒版 [BD],"$1,180"
音樂生活,藍光 小小兵 Minions 3D+2D 雙碟鐵盒版 [BD],"$1,180"
音樂生活,藍光 小小兵 Minions 3D+2D 雙碟版 [BD],$998
音樂生活,藍光 飛機總動員:打火英雄,$798
音樂生活,飛機總動員 1+2 套裝 [DVD],$798
音樂生活,皮克斯短片精選 1+2 套裝合集 [DVD] 皮克斯Pixar,$698
音樂生活,料理鼠王 [DVD] 皮克斯Pixar,$530
音樂生活,瓦力 [DVD] 皮克斯Pixar,$530
音樂生活,飛機總動員 [DVD],$498
音樂生活,飛機總動員 : 打火英雄 [DVD],$498
音樂生活,怪獸大學 [DVD] 皮克斯 迪士尼,$498
音樂生活,玩具總動員 3 [DVD] 皮克斯Pixar,$498
音樂生活,奇妙仙子 冬森林的秘密 Tinker Bell Secret Of The Wings DVD,$498
音樂生活,魔力紅Maroon 5 / Singles 神曲精選 (CD),$469
音樂生活,怪獸電力公司 [DVD] 皮克斯Pixar,$450
音樂生活,玩具總動員 [DVD] 皮克斯Pixar,$450
音樂生活,玩具總動員 2 [DVD] 皮克斯Pixar,$450
音樂生活,皮克斯短片精選 第1集 [DVD] 皮克斯Pixar,$450
音樂生活,皮克斯短片精選 第2集 [DVD] 皮克斯Pixar,$450
音樂生活,愛黛兒 Adele 25 台壓版 [CD],$429
音樂生活,孩子的巴莎2 - 呼啦！夏威夷 [CD],$359
音樂生活,孩子的巴莎3 - 聖誕禮物來了,$359
音樂生活,丹麥B&O PLAY BEOPLAY A9 MKII WIFI無線藍牙喇叭揚聲器,"$87,900"
音樂生活,SONY PHA-1A 耳機擴大機,"$9,890"
音樂生活,In2uit I500B 原木耳罩,"$8,999"
音樂生活,Plantronics Backbeat SENSE 藍牙耳機,"$6,880"
音樂生活,In2uit C500耳罩耳機,"$5,000"
音樂生活,YAMAHA 頂級耳塞式耳機EPH-100,"$4,690"
音樂生活,英國Marshall Major II 全新進化耳罩式耳機,"$4,500"
音樂生活,In2uit C501 靜電耳罩,"$4,500"
音樂生活,In2uit BOOMPACK 藍牙喇叭,"$4,490"
音樂生活,Chord & Major 6'13 人聲調性入耳式耳機,"$3,480"
音樂生活,Chord & Major 5'14 世界調性入耳式耳機,"$3,480"
音樂生活,Chord & Major 9'13 古典調性入耳式耳機 ※第一支台灣品牌榮獲法國古典大賞Diapason D'OR,"$3,200"
音樂生活,英國Marshall Mode EQ 入耳式耳機,"$3,190"
音樂生活,Chord & Major 7'13 爵士調性入耳式耳機,"$2,880"
音樂生活,Chord & Major 8'13 搖滾調性入耳式耳機,"$2,880"
音樂生活,藍光 侏羅紀公園三部曲 限量鐵盒 (BD),"$2,800"
音樂生活,Plantronics Explorer 500 MITE15 藍牙耳機 藍牙通話耳機,"$2,290"
音樂生活,藍光 江蕙 2013 鏡花水月演唱會 Live [BD],"$1,320"
音樂生活,侏羅紀公園系列典藏合輯 3DVD,"$1,200"
音樂生活,玩具總動員 三部曲 DVD 皮克斯Pixar,$998
音樂生活,江蕙 2013 鏡花水月演唱會 Live DVD,$879
音樂生活,江蕙 戲夢演唱會正式版 DVD,$829
音樂生活,神偷奶爸1+2合輯 Despicable Me+Despicable Me 2 (2DVD) 小小兵,$799
音樂生活,江蕙 2013 鏡花水月演唱會 Live 2CD,$609
音樂生活,孩子的巴莎 2CD,$569
音樂生活,江蕙 初登場Live 3CD 好音樂,$549
音樂生活,汽車總動員 [DVD],$530
音樂生活,江蕙 戲夢演唱會Live 2CD,$529
音樂生活,冰雪奇緣 Frozen [DVD],$498
音樂生活,A LIN 罪惡感 平裝版 (CD) 好音樂,$479
音樂生活,韋禮安 / 有所畏 (CD) 好音樂,$439
音樂生活,音樂魔法故事屋 張爸爸的兒童音樂劇場 CD,$409
音樂生活,春天佇陀位 2CD,$369
音樂生活,謝欣芷．幸福的孩子愛唱歌 2CD,$359
音樂生活,寶貝的呢喃歌 CD,$359
音樂生活,英國Marshall Woburn 藍牙喇叭,"$21,900"
音樂生活,美國BLUE Satellite 藍牙抗噪耳罩 (內建擴大機) (兩色選),"$16,500"
音樂生活,YAMAHA 桌上型藍牙音響系統 TSX-B72,"$8,500"
音樂生活,JBL E50BT 頂級藍牙耳罩式耳機(公司貨),"$4,990"
音樂生活,BeatsX 無線入耳式耳機 (六色選/公司貨),"$3,690"
音樂生活,瑞典 Urbanears Stadion 藍牙耳塞式 (四色選),"$3,680"
音樂生活,Yurbuds Venture Pro 探索系列運動型入耳式線控麥克風耳機,"$3,580"
音樂生活,Happy Plugs Ear piece 藍牙耳塞式 (三色選),"$3,280"
音樂生活,《限時優惠》SleepPhones 無線藍牙睡眠耳機 (三色選),"$2,958"
音樂生活,YAMAHA 耳道式耳機 EPH-52,"$2,490"
音樂生活,JBL Reflect 運動型耳道式耳機,"$1,990"
音樂生活,藍光 你的名字 雙碟精裝版 [BD],"$1,139"
音樂生活,怪獸大學+怪獸電力公司 合集 [DVD],$798
音樂生活,吉卜力 藍光 輝耀姬物語 [BD],$798
音樂生活,吉卜力 藍光 回憶中的瑪妮 [BD],$698
音樂生活,睡美人 50週年白金典藏版 DVD,$530
音樂生活,天外奇蹟 [DVD],$530
音樂生活,奇妙仙子 拯救精靈大作戰 DVD,$498
音樂生活,吉卜力 回憶中的瑪妮 [DVD],$498
音樂生活,吉卜力 輝耀姬物語 [DVD],$498
音樂生活,勇敢傳說 [DVD] 皮克斯Pixar,$498
音樂生活,小熊維尼歷險記 [DVD] 迪士尼DISNEY,$450
音樂生活,幻想曲 2000 特別版 [DVD] 迪士尼DISNEY,$450
音樂生活,仙履奇緣 鑽石版 DVD,$450
音樂生活,花木蘭 2 DVD,$450
音樂生活,你的名字 雙碟精裝版 [DVD],$450
音樂生活,奇妙仙子 TINKER BELL [DVD] 迪士尼DISNEY,$338
音樂生活,藍光 異形 進化套裝 6碟限量鐵盒版 [BD],"$3,980"
音樂生活,msi微星 Immerse GH70 Hi-Res 旋轉式電競耳麥,"$3,399"
音樂生活,Tia-one 重低音流行人聲 入耳式耳機,"$1,980"
音樂生活,藍光 冰與火之歌 權力遊戲 第七季 [BD],"$1,800"
音樂生活,msi微星 DS501 玩家級線控電競耳麥,"$1,599"
音樂生活,冰與火之歌 權力遊戲 第一季 [DVD],"$1,500"
音樂生活,冰與火之歌 權力遊戲 第二季 [DVD],"$1,500"
音樂生活,冰與火之歌 權力遊戲 第三季 [DVD],"$1,500"
音樂生活,冰與火之歌 權力遊戲 第四季 [DVD],"$1,500"
音樂生活,冰與火之歌 權力遊戲 第五季 [DVD],"$1,500"
音樂生活,冰與火之歌 權力遊戲 第六季 [DVD],"$1,500"
音樂生活,msi微星 Immerse GH10 耳塞式電競耳麥,"$1,390"
音樂生活,藍光 薩利機長 哈德遜奇蹟 UHD+BD 雙碟限定版,"$1,280"
音樂生活,藍光 海灘救護隊 UHD+BD 雙碟限定版,"$1,280"
音樂生活,藍光 同盟鶼鰈 UHD+BD 雙碟限定版,"$1,280"
音樂生活,藍光 蝙蝠俠對超人 正義曙光 UHD+BD 雙碟限定版,"$1,280"
音樂生活,藍光 攻殼機動隊 UHD+BD 雙碟限定版,"$1,280"
音樂生活,藍光 白鯨傳奇 怒海之心 UHD+BD 雙碟限定版,"$1,280"
音樂生活,藍光 泰山傳奇 UHD+BD 雙碟限定版,"$1,280"
音樂生活,藍光 自殺突擊隊 UHD+BD 雙碟限定版,"$1,280"
音樂生活,藍光 加勒比海盜 神鬼奇航 死無對證 UHD+BD 雙碟限定版,"$1,280"
音樂生活,藍光 限制級戰警 重返極限 UHD+BD 雙碟限定版,"$1,280"
音樂生活,藍光 X戰警 天啟 UHD+BD 雙碟限定版,"$1,280"
音樂生活,藍光 冰原歷險記 笑星撞地球 UHD+BD 雙碟限定版,"$1,280"
音樂生活,藍光 怪奇孤兒院 UHD+BD 雙碟限定版,"$1,280"
音樂生活,藍光 X戰警 第一戰 UHD+BD 雙碟限定版,"$1,280"
音樂生活,藍光 ID4星際重生 UHD+BD 雙碟限定版,"$1,280"
音樂生活,冰與火之歌 權力遊戲 第七季 [DVD],"$1,200"
音樂生活,藍光 惡棍英雄 死侍 UHD+BD 雙碟限定版,"$1,088"
音樂生活,藍光 黑豹 3D+2D 藍光限定版 [BD] 漫威,$844
音樂生活,吉卜力 藍光 海潮之聲 BD+DVD 限定版 [BD],$798
流行3C,微軟 Microsoft 設計師藍牙鍵盤滑鼠組,"$2,499"
流行3C,微軟 行動滑鼠 3600 (三色選),$699
流行3C,ASUS ZenBook Pro Duo UX581GV i9-9980HK/3,"$119,000"
流行3C,Apple 2019年 MacBookPro 13' with Touch Ba,"$46,300"
流行3C,Acer SF514-54GT-729E 14吋I7輕薄窄邊框筆電,"$45,900"
流行3C,Surface Pro 7+Airpods Pro i5/8GB/256GB M,"$41,888"
流行3C,ASUS UX434FLC 14吋窄邊框輕薄筆電i5-10210U/8G/512,"$38,900"
流行3C,Acer SF514-54GT-57N3 14吋I5輕薄窄邊框筆電,"$37,900"
流行3C,Apple 2019年 MacBook Air 13' 第八代 i5 / 8GB,"$35,900"
流行3C,微軟Microsoft Surface Pro 7 i5/8GB/128GB贈威,"$29,888"
流行3C,【Microsoft 微軟】戽斗星球限量聯名款 Surface Pro 7 12,"$29,888"
流行3C,ASUS X571GD 15.6吋輕薄電競筆電i5-9300H/8G/256G,"$27,900"
流行3C,VAIO SE14 14吋窄邊框筆電 青春版 經典鐵灰 i5-8265U/8G/,"$27,500"
流行3C,ASUS X512FJ-0091G8265U 15.6吋雙碟窄邊筆電 (星空灰),"$25,900"
流行3C,【SAMSUNG】Galaxy Tab S6 10.5吋 平板電腦(Wi-Fi/,"$22,100"
流行3C,【Microsoft 微軟】戽斗星球限量聯名款Surface Go 10吋平板筆,"$17,488"
流行3C,ASUS VivoPC PN40-J40YRTA 雙核迷你電腦 PN40 / W,"$13,900"
流行3C,Apple 2019 iPad 10.2吋 WiFi 128GB(三色選),"$13,800"
流行3C,Garmin vivoactive 4S GPS 智慧腕錶,"$11,990"
流行3C,SAMSUNG Galaxy A51 6G/128G 6.5 吋八核心手機,"$10,680"
流行3C,HUAWEI MediaPad M5 Lite 10.1吋 (3GB/32GB),"$7,800"
流行3C,羅技 MX Master 3 無線滑鼠,"$3,990"
流行3C,羅技Logitech H800 無線耳機麥克風,"$2,390"
流行3C,微軟Microsoft V2 無線顯示轉接器(P3Q-00015),"$1,990"
流行3C,羅技 MX Anywhere 2S 無線滑鼠,"$1,990"
流行3C,微軟Microsoft One Drive + Office 365 個人版一年,"$1,899"
流行3C,Alto iPhone 11 Pro Max 6.5吋 真皮手機殼背蓋 Orig,"$1,880"
流行3C,Alto iPhone 11 Pro Max 6.5吋 真皮手機殼背蓋 Anel,"$1,880"
流行3C,Alto iPhone 11 Pro Max 6.5吋 真皮手機殼背蓋 Metr,"$1,880"
流行3C,Alto iPhone 11 6.1吋 真皮手機殼背蓋 Original (三色,"$1,680"
流行3C,Alto iPhone 11 Pro 5.8吋 真皮手機殼背蓋 Original,"$1,680"
流行3C,Alto iPhone 11 6.1吋 真皮手機殼背蓋 Anello（三色選）,"$1,680"
流行3C,Alto iPhone 11 6.1吋 真皮手機殼背蓋 Metro （七色選）,"$1,680"
流行3C,Alto iPhone 11 Pro 5.8吋 真皮手機殼背蓋 Anello（三,"$1,680"
流行3C,Alto iPhone 11 Pro 5.8吋 真皮手機殼背蓋 Metro（七色,"$1,680"
流行3C,ELECOM dimp gel日本製舒壓鼠墊(三色選),"$1,390"
流行3C,羅技 K380多工藍芽鍵盤 + M350 鵝卵石無線滑鼠,"$1,388"
流行3C,迪士尼櫻花季無線光學滑鼠,$699
流行3C,羅技Logitech H151 立體耳機麥克風,$439
流行3C,羅技Logitech H150 立體耳機麥克風,$429
電競電玩,【下單送1000元購物金】PS4 PRO 1TB + 極致黑手把,"$12,980"
電競電玩,Nintendo Switch Lite,"$5,999"
電競電玩,Switch 主機 2019 電池加強版 + Switch Lite 主機 珊瑚,"$27,690"
電競電玩,任天堂 Nintendo Switch《集合啦！動物森友會》特別版主機+Swit,"$21,960"
電競電玩,Nintendo Switch《集合啦！動物森友會》特別版主機 + Ninten,"$21,700"
電競電玩,任天堂 Nintendo Switch《集合啦！動物森友會》特別版主機+Swit,"$15,960"
電競電玩,XBOX ONE X 戰爭機器 5 同捆組,"$15,380"
電競電玩,【下單送1000元購物金】PlayStation 4 Pro 戰神、最後生還者重,"$12,980"
電競電玩,羅技 G29 賽車方向盤組,"$10,690"
電競電玩,【下單限時贈1000元購物金】 PS4 MEGA PACK 1TB主機 + 三片,"$9,980"
電競電玩,Razer雷蛇 奎蛇精英版 滑鼠+獵魂光蛛 電競鍵盤+戰錘狂鯊BT耳機 套組,"$7,970"
電競電玩,Nintendo Switch Lite 主機 蒼響/藏瑪然特,"$6,180"
電競電玩,Razer Huntsmen 獵魂光蛛 英文光學紫軸(白),"$4,890"
電競電玩,Switch 無雙 OROCHI 蛇魔3 中文典藏版,"$3,880"
電競電玩,Nintendo Switch 寶可夢 劍 + 盾 雙重組合,"$3,580"
電競電玩,Razer Kraken 北海巨妖 耳麥(白),"$3,190"
電競電玩,羅技Logitech C930e 視訊攝影機,"$3,190"
電競電玩,PlayStation4 無線立體聲耳機組,"$2,980"
電競電玩,羅技Logitech C920 HD Pro 視訊攝影機,"$2,690"
電競電玩,Razer Basilisk 巴塞利斯蛇滑鼠(白),"$2,590"
電競電玩,Nintendo Switch 健身環大冒險 Ring Fit Adventur,"$2,550"
電競電玩,Xbox無線控制器（戰爭機器 5 限量版）,"$2,090"
電競電玩,寶可夢不可思議的迷宮 救難隊 DX (英日文合版),"$1,890"
電競電玩,XBOX ONE NBA 2K20 ESD (一般版. 豪華版.傳奇版),"$1,799"
電競電玩,Nintendo Switch 寶可夢 劍 中文一般版,"$1,790"
電競電玩,Nintendo Switch 寶可夢 盾 中文 一般版,"$1,790"
電競電玩,Razer 雷蛇 Atheris 刺鱗樹蝰 無線電競光學滑鼠(白),"$1,790"
電競電玩,XBOX ONE NBA 2K20 一般版,"$1,790"
電競電玩,Nintendo Switch 薩爾達傳說 織夢島,"$1,790"
電競電玩,PS DS4 無線控制器 (五色選),"$1,780"
電競電玩,羅技 G502 Hero高效能電競滑鼠,"$1,690"
電競電玩,羅技Logitech G331 電競耳機麥克風,"$1,490"
電競電玩,COMICA 抗噪立體聲麥克風,"$1,440"
電競電玩,羅技-K580 超薄跨平台藍牙鍵盤 (兩色可選),"$1,190"
電競電玩,Switch 七龍珠 Fighter Z 中文版,"$1,090"
電競電玩,PlayStation4 王國之心3 (中文版),$891
電競電玩,PlayStation4 Hit 秘境探險：奈森 德瑞克,$531
電競電玩,PlayStation4 Hit 血源詛咒 中文版,$531
電競電玩,PlayStation4 Hit 地平線：期待黎明 完全版 中文版,$531
電競電玩,PlayStation4 Hit 最後生還者重製版 中文版,$531
電競電玩,DELL G3-3579-R2848BTW 黑/15吋/I7-8750H/8G/256G/GTX1050Ti/Win10,"$38,900"
電競電玩,ASUS 華碩TUF Gaming FX505DT 15.6吋電競筆電-戰斧黑(R7-3750H/8G/1TB+256G SSD/GTX1650 4G/W10),"$33,900"
電競電玩,Samsung Thunderbolt 3 34吋21:9 曲面螢幕(C34J791WTE),"$29,900"
電競電玩,HyperX Cloud MIX 有線 + 藍牙電競耳機 (HX-HSCAM-GM),"$6,690"
電競電玩,CORSAIR K95 RGB PLATINUM 機械式電競鍵盤/銀軸/中文鍵帽/RGB CH-9127014-TW,"$5,990"
電競電玩,"CORSAIR K70 MK.2 RGB RAPIDFIRE 機械式電競鍵盤/銀軸/中文鍵帽/RGB,CH-9109018-TW","$5,690"
電競電玩,CORSAIR  K70 MK.2 RGB RAPIDFIRE 機械式電競鍵盤/銀軸/中文鍵帽 CH-9109014-TW,"$5,590"
電競電玩,HyperX Cloud Quadcast 麥克風,"$4,990"
電競電玩,HyperX Cloud Revolver S 杜比7.1虛擬環繞音效電競耳機 (HX-HSCRS-GM/AS),"$4,990"
電競電玩,HyperX Cloud Flight 無線電競耳機 (HX-HSCF-BK/AM),"$4,490"
電競電玩,技嘉AORUS K7 Cherry紅軸RGB電競鍵盤,"$3,490"
電競電玩,羅技-G703 LIGHTSPEED 無線電競滑鼠,"$3,490"
電競電玩,HyperX Cloud Alpha 電競耳機 (HX-HSCA-RD/AS),"$3,290"
電競電玩,Ducky One 2 RGB x Razer 限定版 雷蛇綠軸,"$2,990"
電競電玩,羅技 G613 無線機械式遊戲鍵盤,"$2,990"
電競電玩,技嘉AORUS H5 RGB電競耳機麥克風,"$2,890"
電競電玩,Logitech 羅技 G512 RGB 機械遊戲鍵盤(Clicky 青軸),"$2,490"
電競電玩,羅技 G Pro 遊戲電競滑鼠,"$2,290"
電競電玩,羅技-G403 HERO 電競滑鼠,"$2,290"
電競電玩,CORSAIR M65 RGB ELITE 電競光學滑鼠(兩色選) CH-9309011-AP,"$2,190"
電競電玩,CORSAIR IRON CLAW RGB 電競滑鼠/黑色/有線/18000 dpi/RGB CH-9307011-AP,"$2,190"
電競電玩,Ducky Zero 3108 機械電競鍵盤 藍光 Cherry MX 紅軸,"$2,190"
電競電玩,Switch 實況野球 日文版,"$2,080"
電競電玩,技嘉 GIGABYTE AORUS M5 RGB 光學滑鼠,"$1,990"
電競電玩,HyperX Pulsefire Surge RGB 電競滑鼠 HX-MC002B,"$1,990"
電競電玩,CORSAIR ST100 RGB耳機架/7.1聲道,"$1,990"
電競電玩,華碩ASUS ROG STRIX EVOLVE 滑鼠,"$1,890"
電競電玩,Nintendo 任天堂 Switch 漫威英雄：終極聯盟 3,"$1,890"
電競電玩,Nintendo 任天堂 Switch 超級瑪利歐創作家2,"$1,890"
電競電玩,Nintendo 任天堂 Switch 超級瑪利歐派對,"$1,890"
電競電玩,Ducky ZE3108 側印茶軸,"$1,890"
電競電玩,HyperX Pulsefire Pro FPS 電競滑鼠,"$1,790"
電競電玩,Switch 露露亞的鍊金工房 亞蘭德之鍊金術士4,"$1,590"
電競電玩,Switch 哆啦A夢 牧場物語,"$1,590"
電競電玩,技嘉 GIGABYTE AORUS M3 RGB 光學滑鼠,"$1,290"
電競電玩,Switch 血咒之城：暗夜儀式 中文版,"$1,290"
電競電玩,HyperX FURY S 專業電競滑鼠墊 速度版(4款大小),$999
電競電玩,Switch HORI 復古 GameCube 有線手把 薩爾達 黑,$950
電競電玩,技嘉AORUS M2 光學滑鼠,$899
電競電玩,ASUS華碩 ROG Zephyrus 西風之神 GX531GW-0021A8750H 15.6吋輕薄電競筆電 ( i7-8750H/DDR4 2666 16G/ PCIe 512G SSD / RTX 2070 /15.6/144Hz 3ms/IPS ),"$59,900"
電競電玩,Razer Blade Stealth Quartz RZ09-02812EQ1-R3U1 粉晶限量版 電競筆電/i7-8565U/MX150 4G/16G/256M.2 PCIe/13.3FHD/W10,"$56,490"
電競電玩,ASUS 華碩 ROG STRIX Hero II GL504GM-0091B8750H 15.6吋電競筆電 (i7-8750H/8GD4/1T/256SSD,"$47,900"
電競電玩,acer 宏碁 Predator Z35 35型 VA 21:9 G-SYNC曲面電競螢幕,"$19,999"
電競電玩,GIGABYTE技嘉 AORUS 27吋 2K極速 電競螢幕 AD27QD,"$19,990"
電競電玩,華碩ASUS ROG STRIX XG32VQR 32型 曲面電競螢幕 (144Hz/1800R/4ms),"$15,880"
電競電玩,Acer宏碁 VG271U P 27型 IPS 144hz 無邊框電競螢幕,"$14,900"
電競電玩,Xbox One S 1TB 冒險聖歌 同捆組 234-00958 Xbox One S Anthem Bundle (1TB),"$9,480"
電競電玩,Razer雷蛇 Core X 筆電專用外接顯示卡擴充盒 RC21-01310100-R3T1,"$8,990"
電競電玩,Ducky創傑 RTX 電競椅 DCRT1802,"$8,490"
電競電玩,Xbox One S 1TB All Digital Edition 全數位版 三遊戲同捆組 Xbox One S All-Digital Edition (1TB),"$7,980"
電競電玩,華碩ASUS ROG Delta 電競耳機 90YH00Z1,"$5,990"
電競電玩,華碩ASUS ROG Strix Fusion 500 電競耳麥,"$5,890"
電競電玩,羅技 Pro 精簡型機械式遊戲鍵盤,"$4,290"
電競電玩,華碩ASUS ROG Gladius II Wireless 無線三模電競滑鼠 90MP00Z0,"$3,590"
電競電玩,羅技Logitech G502 LIGHTSPEED 高效能無線電競滑鼠,"$3,490"
電競電玩,ELECOM 13鍵幻彩電競滑鼠G02 (兩色選) M-G02URBK / M-G02URWH,"$3,290"
電競電玩,華碩ASUS ROG GK1050 電競鍵盤 90XB03G0-BKB010,"$3,290"
電競電玩,Razer魔音海妖 X 粉晶麥克風,"$2,988"
電競電玩,Razer Lancehead 銳蝮蛇競技版 粉色滑鼠 RZ01-02130400-R3M1,"$2,890"
電競電玩,華碩ASUS ROG Gladius II Origin COD 電競滑鼠 90MP00U2,"$2,790"
電競電玩,華碩ASUS TUF GAMING H5 Lite 電競耳麥 90YH0125,"$2,490"
電競電玩,羅技K840 機械鍵盤,"$2,390"
電競電玩,HyperX CloudX 電競耳機 - Xbox官方認證授權 HX-HS5CX-SR,"$2,290"
電競電玩,HyperX Cloud for PS4 遊戲耳機 HX-HSCLS-BL/AS,"$2,290"
電競電玩,Nintendo Switch 任天堂實驗室 Labo Toy-Con 04: VR組合套裝 中文版,"$1,990"
電競電玩,Razer雷蛇 Electra V2 雷霆齒鯨耳機 RZ04-02210100-R3M1,"$1,990"
電競電玩,Xbox 無線控制器 – 灰色/綠色 WL3-00062 Xbox Wireless Controller – Grey/Green,"$1,690"
電競電玩,華碩ASUS Tuf Gaming K5 RGB 電競鍵盤 90MP0130,"$1,690"
電競電玩,XBOX ONE 藍牙無線控制 V2 EX6-00003,"$1,599"
電競電玩,X360 戰爭機器 審判 中英合版 英文語音,"$1,490"
電競電玩,XBOX360 鐵拳Tag Tournament 2 日文版,"$1,390"
電競電玩,HyperX Cloud Earbuds 入耳式耳機 HX-HSCEB-RD,"$1,290"
電競電玩,HyperX CloudX Stinger Core 遊戲耳機 HX-HSCSCX-BK,"$1,290"
電競電玩,華碩ASUS ROG Spotlight 投射燈 90MP00W0,$990
電競電玩,華碩ASUS Cerberus 賽伯洛斯 電競鍵盤,$990
電競電玩,蜘蛛人 電競滑鼠墊,$699
電競電玩,InfoThink 訊想 復仇者聯盟系列電競滑鼠墊 iMousePad(AV4),$499
電競電玩,華碩ASUS TUF Gaming FX504 15.6吋筆記型電腦 (i5-8300H/4G/1TB+128G SSD/GTX1050/Win10) FX504GD-0201A8300H,"$23,888"
電競電玩,Xbox One X 1TB 古墓奇兵：暗影 同捆組 Xbox One X SHADOW OF THE TOMB RAIDER Bundle (1TB),"$15,380"
電競電玩,羅技 BCC950 ConferenceCam 商用會議視訊系統,"$7,499"
電競電玩,華碩ASUS ROG Claymore 機械式電競鍵盤 (三規格/公司貨) 90MP00E2 / 90MP00E0 / 90MP00E1,"$6,890"
電競電玩,華碩ASUS ROG Spatha 無線雙模電競滑鼠,"$5,490"
電競電玩,羅技Logitech G810 RGB 機械遊戲鍵盤 920-007762,"$5,490"
電競電玩,美國 CORSAIR 海盜船 K70 RGB MK.2 (三軸選/公司貨) CH-9109010-TW / CH-9109011-TW / CH-9109012-TW,"$5,290"
電競電玩,GIGABYTE技嘉 AORUS K9 Optical RGB 光軸機械式鍵盤 (兩樣式/公司貨),"$4,490"
電競電玩,羅技Logitech Webcam C930e 網路攝影機,"$3,899"
電競電玩,Razer雷蛇 戰錘狂鯊BT耳機V2,"$3,790"
電競電玩,Razer雷蛇 那伽梵蛇進化版 滑鼠,"$3,690"
電競電玩,MIONIX NAOS QG 心率膚感有線電竸滑鼠,"$3,599"
電競電玩,華碩ASUS ROG Strix Fusion 300 電競耳機,"$3,490"
電競電玩,羅技Logitech G610 ORION BLUE 機械遊戲鍵盤-青軸 920-008007,"$3,490"
電競電玩,羅技Logitech C922 PRO STREAM STREAM 網路攝影機 960-001091,"$3,390"
電競電玩,羅技Logitech MX Master 2S 無線滑鼠 910-005144,"$3,290"
電競電玩,Razer雷蛇 戰錘狂鯊專業版耳機V2,"$2,890"
電競電玩,華碩ASUS ROG Gladius II Origin 電競滑鼠,"$2,790"
電競電玩,HyperX Alloy FPS PRO 機械式電競鍵盤 (兩規格) 紅軸/青軸,"$2,790"
電競電玩,Razer雷蛇 DeathAdder Elite 奎蛇精英版 滑鼠,"$2,590"
電競電玩,Razer雷蛇 雷霆齒鯨 Razer Electra V2 USB,"$2,590"
電競電玩,華碩ASUS ROG PUGIO 光學電競滑鼠,"$2,490"
電競電玩,MIONIX Avior 有線電競滑鼠 (五色選),"$1,899"
電競電玩,Razer雷蛇 DeathAdder Expert 煉獄奎蛇專業版 滑鼠,"$1,890"
電競電玩,MIONIX NAOS 3200有線電竸滑鼠,"$1,799"
電競電玩,羅技Logitech G403 PRODIGY 有線遊戲滑鼠 910-004827,"$1,790"
電競電玩,華碩ASUS ROG Strix Impact 電競滑鼠 90MP00P0,"$1,390"
電競電玩,MIONIX Desk Pad 專業級電競桌墊 (五色選),"$1,100"
電競電玩,Tomtoc 玩家首選 Switch 收納包 + TPU保護殼 灰,"$1,080"
電競電玩,華碩ASUS TUF Gaming M5 電競滑鼠,$890
電競電玩,Razer雷蛇 Abyssus 地獄狂蛇2000dpi+控制裂縫小鼠墊控制版,$880
電競電玩,Tomtoc 玩家首選 Switch 收納包 2代 (六色選),$780
電競電玩,羅技Logitech M331 SILENT PLUS 舒適靜音滑鼠 (三色選) 910-004917 / 910-004918 / 910-004948,$649
電競電玩,Razer雷蛇 甲蟲控制裂隙版鼠墊(中),$590
電競電玩,Razer雷蛇 甲蟲控制裂隙版鼠墊(小),$590
電競電玩,羅技Logitech M221 SILENT 靜音無線滑鼠 (三色選) 910-004886 / 910-004887 / 910-004888,$459
電競電玩,MIONIX SARGAS M 專業級滑鼠軟墊,$399
電競電玩,Razer雷蛇 Blade 15吋電競筆電 (i7-8750H/16G/GTX-1060 6G/256G SSD/Win10),"$62,990"
電競電玩,美國 CORSAIR 海盜船 T2 ROAD WARRIOR 電競椅 (三色選) CF-9010006-WW/ CF-9010013-WW/CF-9010015-WW,"$12,400"
電競電玩,Ducky 創傑 Hurricane 電競椅,"$7,990"
電競電玩,Razer雷蛇 Nommo Chroma 天狼星幻彩版 RZ05-02460100-R3A1,"$5,290"
電競電玩,Razer雷蛇 Huntsman 獵魂光蛛 電競鍵盤,"$4,890"
電競電玩,華碩ASUS ROG STRIX Wireless 電競耳機,"$4,590"
電競電玩,Cazbi T90U ZINC 極競客機械式鍵盤 (三規格),"$3,490"
電競電玩,Razer雷蛇 Kraken Pro 北海巨妖 專業版 V2 耳機麥 (四色選),"$3,190"
電競電玩,Razer雷蛇 Basilisk 巴塞利斯蛇 RZ01-02330100-R3A1,"$2,590"
電競電玩,任天堂 Switch Joy-Con操控搖桿 (五色選),"$2,350"
電競電玩,SEGA Mega Drive 復刻電視遊樂器(內建85款遊戲),"$1,990"
電競電玩,任天堂 Switch 精靈寶可夢 Let's Go！皮卡丘 中文版,"$1,890"
電競電玩,任天堂 Switch 遊戲片 超級瑪利歐奧德賽,"$1,890"
電競電玩,任天堂 Switch 遊戲片 瑪利歐網球 王牌高手Mario Tennis Ace,"$1,890"
電競電玩,任天堂 Switch 遊戲片 瑪利歐賽車8 豪華版,"$1,790"
電競電玩,Xbox One NBA 2K19 一般版 中英文版,"$1,790"
電競電玩,任天堂 Switch 遊戲片 神臂鬥士 ARMS 日版/中文版,"$1,750"
電競電玩,華碩ASUS CERBERUS 賽伯洛斯 電競耳機麥克風 90YH0061-B1UA00,"$1,690"
電競電玩,Razer雷蛇 DeathAdder Essential 蝰蛇 精華版電競滑鼠,"$1,590"
電競電玩,羅技Logitech G304 無線電競滑鼠,"$1,290"
電競電玩,華碩ASUS ROG SICA 電競滑鼠 90MP00B1-B0UA00,$990
電競電玩,Xbox One 藍牙無線控制器 (兩色選),$990
電競電玩,Razer雷蛇 Abyssus 地獄狂蛇2000dpi+重裝甲蟲小鼠墊控制版 RZ83-02020100-B3M1,$880
電競電玩,Tomtoc 玩家首選 NS收納包 (四色選),$700
電競電玩,任天堂 Switch 主機收納包 含螢幕保護貼,$650
電競電玩,CLiPtec FIRE-BULLET 入耳式電競耳機麥克風,$499
電競電玩,任天堂 Switch Joy-Con操控搖桿用方向盤2入組,$490
電競電玩,CLiptec THERIUS 2400dpi電競遊戲滑鼠,$399
電競電玩,CLiPtec THEROPO 迅猛龍電競滑鼠 (兩色選),$399
電競電玩,msi微星 Vigor GK80 Cherry MX RGB機械電競鍵盤-紅軸,"$5,599"
電競電玩,繽特力 Plantronics RIG 500 E 遊戲電競耳機,"$5,499"
電競電玩,Sphero星際大戰BB9E遙控機器人 STARWARSxSphero,"$4,980"
電競電玩,msi微星 Vigor GK70 Cherry MX RGB機械電競鍵盤-紅軸,"$4,699"
電競電玩,msi微星 Immerse GH70 Hi-Res 旋轉式電競耳麥,"$3,399"
電競電玩,Egg Attack 鋼鐵人3 馬克1 可動公仔,"$2,990"
電競電玩,msi微星 Vigor GK40 Combo TC 電競鍵盤滑鼠組,"$2,299"
電競電玩,繽特力 Plantronics RIG 500 封閉式耳罩 遊戲電競耳機,"$2,199"
電競電玩,繽特力Plantronics RIG 505 LAVA開放式耳機 遊戲電競耳機,"$2,199"
電競電玩,msi微星 Force GC30 無線搖捍控制器遊戲手把,"$1,799"
電競電玩,msi微星 DS501 玩家級線控電競耳麥,"$1,599"
電競電玩,msi微星 Interceptor DS200 電競滑鼠,"$1,499"
電競電玩,msi微星 Immerse GH10 耳塞式電競耳麥,"$1,390"
電競電玩,msi微星 Force GC20 搖桿控制器遊戲手把,"$1,388"
電競電玩,msi微星 DS4100 攔截者電競鍵盤,"$1,290"
電競電玩,msi微星 Sistorm GAMING 防潑水職業級電競鼠墊,$999
電競電玩,英國設計Go Travel Quiet Zone耳塞組 旅行配件,$620
電競電玩,msi微星 Interceptor DS B1 電競滑鼠,$599
相機攝影,SONY SEL 35mm F1.8 定焦鏡 (全幅),"$18,980"
相機攝影,PEAK DESIGN V2 魔術使者攝影托特包 20L (二色選),"$6,840"
相機攝影,Canon EOS 1DX Mark III Body 機身+64G記憶卡【新品,"$222,000"
相機攝影,Canon EOS 1DX Mark III Body 機身+256G記憶卡加贈,"$212,000"
相機攝影,OLYMPUS E-M1MARKIII+12-100mm F4,"$84,990"
相機攝影,OLYMPUS E-M1MARKIII+12-40mm F2.8,"$73,990"
相機攝影,Nikon D780 Body/Kit 24-120mm VR (二規格/公司貨,"$68,800"
相機攝影,【店取限定】Canon EOS RP Kit (搭配 RF 24-105mm F,"$65,400"
相機攝影,OLYMPUS E-M1MARKIII (BODY機身),"$54,990"
相機攝影,Skier Sunray 160 人像3燈組,"$53,910"
相機攝影,SONY SEL 12-24mmF4 G,"$51,980"
相機攝影,Skier Sunray 160 外拍3燈組,"$48,150"
相機攝影,富士 FUJIFILM X100V 兩色選 公司貨 【新品上市】,"$41,900"
相機攝影,Skier Sunray 160 美食雙燈組,"$35,910"
相機攝影,Skier Sunray 160 外拍雙燈組,"$33,570"
相機攝影,SONY SEL 20mm F18G 廣角定焦鏡頭,"$27,980"
相機攝影,OLYMPUS M 12mm F2 鏡頭(黑色),"$18,000"
相機攝影,COMICA WM300A 全金屬無線麥克風 一對二,"$13,680"
相機攝影,Jusino H-525C+GHA-30D 五節純碳9X腳架雲台套組,"$12,000"
相機攝影,OLYMPUS M 25mm F1.8 鏡頭(兩色選),"$10,990"
相機攝影,PEAK DESIGN V2 魔術使者攝影後背包 30L (三色選),"$10,260"
相機攝影,PEAK DESIGN V2 魔術使者攝影後背包 20L (四色選),"$9,120"
相機攝影,PEAK DESIGN Duffelpack 65L 後背裝備包 (兩色選),"$8,820"
相機攝影,PEAK DESIGN V2 魔術使者Zip攝影後背包 20L (三色選),"$8,170"
相機攝影,Jusino JK-422C+BT-02 四節反摺碳纖腳架雲台套組(紅),"$8,480"
相機攝影,PEAK DESIGN V2 魔術使者Zip攝影後背包 15L (四色選),"$7,125"
相機攝影,COMICA WS60 COMBO無線手機麥克風,"$7,200"
相機攝影,Jusino JK-428+FGS-36 四節反摺鋁腳架雲台套組,"$6,000"
相機攝影,PEAK DESIGN V2 魔術使者隨行攝影包 10L (二色選),"$5,624"
相機攝影,PEAK DESIGN V2 魔術使者攝影托特包 15L (二色選),"$5,624"
相機攝影,Canon LP-E19,"$5,890"
相機攝影,PEAK DESIGN Duffel 35L 裝備袋 (兩色選),"$5,220"
相機攝影,Jusino JK-425+BT-02 四節反摺鋁腳架雲台套組,"$4,800"
相機攝影,PEAK DESIGN V2 魔術使者隨行攝影包 6L (三色選),"$3,990"
相機攝影,PEAK DESIGN V2 魔術使者隨行攝影包 3L (二色選),"$3,135"
相機攝影,COMICA 抗噪立體聲麥克風,"$1,440"
相機攝影,KEYSTONE 絨面背景布-白磚牆,"$1,400"
相機攝影,COMICA 手機/DSLR雙用迷你指向麥克風,"$1,260"
相機攝影,KEYSTONE 絨面背景布-舊木牆200*150CM(橫幅),$760
相機攝影,KEYSTONE 絨面背景布-灰染150*200CM,$760
相機攝影,,
相機攝影,,
相機攝影,,
相機攝影,,
相機攝影,,
相機攝影,,
相機攝影,,
相機攝影,,
相機攝影,,
相機攝影,,
相機攝影,,
相機攝影,,
相機攝影,,
相機攝影,,
相機攝影,,
相機攝影,,
相機攝影,,
相機攝影,,
相機攝影,,
相機攝影,,
相機攝影,,
相機攝影,,
相機攝影,,
相機攝影,,
相機攝影,,
相機攝影,,
相機攝影,,
相機攝影,,
相機攝影,,
相機攝影,,
相機攝影,,
相機攝影,,
相機攝影,,
相機攝影,,
相機攝影,,
相機攝影,,
相機攝影,,
相機攝影,,
相機攝影,,
相機攝影,,
戶外旅行,PEAK DESIGN V2 魔術使者攝影托特包 20L (二色選),"$6,840"
戶外旅行,Travel Blue 英國藍旅旅行配件 TRANQUILLITY 記憶棉寧靜頸,"$1,250"
戶外旅行,PEAK DESIGN V2 魔術使者攝影後背包 30L (三色選),"$10,260"
戶外旅行,PEAK DESIGN V2 魔術使者攝影後背包 20L (四色選),"$9,120"
戶外旅行,PEAK DESIGN V2 魔術使者Zip攝影後背包 20L (三色選),"$8,170"
戶外旅行,PEAK DESIGN V2 魔術使者Zip攝影後背包 15L (四色選),"$7,125"
戶外旅行,COMICA WS60 COMBO無線手機麥克風,"$7,200"
戶外旅行,PEAK DESIGN V2 魔術使者隨行攝影包 10L (二色選),"$5,624"
戶外旅行,PEAK DESIGN V2 魔術使者攝影托特包 15L (二色選),"$5,624"
戶外旅行,PEAK DESIGN V2 魔術使者隨行攝影包 6L (三色選),"$3,990"
戶外旅行,PEAK DESIGN V2 魔術使者隨行攝影包 3L (二色選),"$3,135"
戶外旅行,MUZEN OTR Metal 經典復刻藍牙音響收音機,"$2,980"
戶外旅行,WOKY 真瓷系列 極簡輕量陶瓷保溫瓶580ML 三色選,"$1,680"
戶外旅行,WOKY 真瓷系列 時尚簡約陶瓷保溫瓶450ML 兩色選,"$1,480"
戶外旅行,COMICA 抗噪立體聲麥克風,"$1,440"
戶外旅行,WOKY 真瓷系列 輕量隨行陶瓷保溫瓶400ML 三色選,"$1,380"
戶外旅行,COMICA 手機/DSLR雙用迷你指向麥克風,"$1,260"
戶外旅行,TRAVEL BLUE 英國藍旅旅行配件 多國旅行萬用轉接插頭(藍色),"$1,200"
戶外旅行,WOKY X馬來貘聯名款輕量真空隨行吸管杯 700ML 兩色選,"$1,080"
戶外旅行,WOKY X馬來貘聯名款輕量真空隨行吸管杯500ml 2色選,$990
戶外旅行,WOKY X LAIMO聯名款暢飲隨行激凍杯900ML 兩色選,$880
戶外旅行,WOKY X 爽爽貓聯名款暢飲隨行激凍杯900ML,$880
戶外旅行,WOKY X奧樂雞聯名款暢飲隨行激凍杯 900ML,$880
戶外旅行,WOKY X LISA LARSON聯名款輕量提手杯500ML,$790
戶外旅行,TRAVEL BLUE 英國藍旅旅行配件 DIGITAL TRAVEL SCAL,$750
戶外旅行,TRAVEL BLUE 英國藍旅 TSA海關密碼鎖行李束帶(螢光綠),$620
戶外旅行,【旅行限定套組】Travel Blue TSA美國海關密碼鎖 + Luxury,$599
戶外旅行,TRAVEL BLUE 英國藍旅旅行配件 安心入睡套組,$575
戶外旅行,TRAVEL BLUE 英國藍旅旅行配件 Ultimate 充氣式豪華U型頸枕,$550
戶外旅行,TRAVEL BLUE 英國藍旅旅行配件 RFID MONEY BELT 安全貼,$550
戶外旅行,TRAVEL BLUE 英國藍旅旅行配件 FLIGHT 飛行耳塞收納組,$510
戶外旅行,TRAVEL BLUE 英國藍旅旅行配件 ULTRA SLIM 貼身藏錢腰包(黑,$490
戶外旅行,TRAVEL BLUE 英國藍旅旅行配件 FOLDING 折疊式手提袋16L (,$485
戶外旅行,TRAVEL BLUE 英國藍旅旅行配件 內藏腰包(黑色),$450
戶外旅行,TRAVEL BLUE 英國藍旅旅行配件 ULTIMATE 頂級旅行眼罩,$440
戶外旅行,TRAVEL BLUE 英國藍旅旅行配件 TB-124 輕巧前掛袋(黑色),$420
戶外旅行,TRAVEL BLUE 英國藍旅旅行配件 WORLD TO EUROPE 歐洲旅,$290
戶外旅行,TRAVEL BLUE 英國藍旅旅行配件 舒適型遮光睡眠眼罩,$280
戶外旅行,TRAVEL BLUE 英國藍旅旅行配件 COMFORT SET 旅行舒適套眼罩,$240
戶外旅行,TRAVEL BLUE 英國藍旅旅行配件 Ear Plugs耳塞收納組(兩入組),$205
家居家電,【Panasonic 國際牌】 13L 清淨除濕機 新制一級能效F-Y26FH,"$15,201"
家居家電,【輸碼再折】Panasonic 國際牌12L一級能效高效型除濕機(F-Y24GX,"$12,151"
家居家電,【防疫除菌】SHARP夏普 HEPA空氣清淨除濕機 DW-H10FT-W,"$11,900"
家居家電,Panasonic 國際牌 6L 除濕機 F-Y12EB,"$6,490"
家居家電,Infocus鴻海80吋 4K UHD LED智慧連網液晶電視 WT-80CA6,"$89,900"
家居家電,瑞士 IQAir HealthPro250 空氣清淨機 + AirVisual,"$61,000"
家居家電,瑞士IQAir-小巧全能型空氣清淨機 HealthPro 150,"$54,000"
家居家電,瑞士IQAir-過敏專用型空氣清淨機 HealthPro 100,"$49,500"
家居家電,Infocus鴻海70吋 4K HDR智慧連網液晶電視 WA-70UA600+視,"$32,900"
家居家電,Infocus鴻海60吋 4K HDR智慧連網液晶電視 WA-60UA600+視,"$22,900"
家居家電,【XGIMI】MoGo Pro 可攜式智慧投影機,"$19,900"
家居家電,【SANSUI 山水】65型4K安卓智慧連網液晶顯示器,"$19,900"
家居家電,BALMUDA The Pure 空氣清淨機,"$16,880"
家居家電,【Panasonic 國際牌】16L一級能效高效型除濕機(F-Y32GX),"$15,561"
家居家電,Infocus鴻海50吋 4K HDR智慧連網液晶電視 WA-50UA550+視,"$13,900"
家居家電,【SANSUI 山水】55型4K安卓智慧連網液晶顯示器,"$13,900"
家居家電,【輸碼再折】LG大白wifi版 AS401WWJ1 空氣清淨機 贈濾網一組,"$13,800"
家居家電,【Winix】Winix 清淨除濕烘鞋乾衣三用機16L閃耀金DN2U160-IZ,"$12,990"
家居家電,AQUECARE 天淨 T1 無線快速滅菌機 【贈150ML抗菌液】,"$12,800"
家居家電,【SANSUI 山水】50型4K安卓智慧連網液晶顯示器,"$11,900"
家居家電,Haier海爾 50型(49.5吋) 4K HDR液晶顯示器 LE50B9650,"$9,999"
家居家電,葡萄牙AirFree空氣殺菌機Iris150,"$9,999"
家居家電,瑞士BONECO-智能冷/暖霧超音波加濕機 U350,"$7,999"
家居家電,伊萊克斯ZB3104完美管家渦輪鋰電版吸塵器,"$6,990"
家居家電,【LG 樂金】LG PuriCare Mini 隨身淨空氣清淨機(黑/白),"$6,690"
家居家電,葡萄牙AirFree空氣殺菌機E60,"$6,480"
家居家電,【Panasonic 國際牌】6公升除濕機 新制一級能效(F-Y12EM),"$5,571"
家居家電,【Panasonic 國際牌】奈米水離子吹風機(EH-NA9B-RP),"$5,490"
家居家電,【Panasonic 國際牌】奈米水離子吹風機(EH-NA9B-PN),"$5,490"
家居家電,【SANSUI 山水】12L旋風溫控智能氣炸烤箱SAF-553W(兩色選),"$4,980"
家居家電,瑞士BONECO-超音波空氣加濕機 U200,"$4,590"
家居家電,Lourdes日式溫熱揉捏薄型按摩抱枕(粉色)258Spk,"$3,580"
家居家電,Glolux健康6666大容量氣炸鍋(GLX6001AF),"$3,499"
家居家電,【THOMSON】2.5L氣炸鍋 TM-SAT15A(復古綠)+愛上氣炸鍋100,"$3,390"
家居家電,ONE amadana 8坪 空氣清淨機70 STPA-0107,"$2,990"
家居家電,Astore無線手持美型吸塵器 DK039,"$2,142"
家居家電,【Future Lab. 未來實驗室】AIRFRYER渦輪氣炸鍋,"$1,980"
家居家電,迪士尼櫻花季限量版智慧感應泡泡洗手機/給皂機(奇奇蒂蒂),$990
家居家電,【HANSHOW】USB充電式可攜式迷你電動榨汁杯,$990
家居家電,日本麗克特recolte Home BBQ 電烤盤 (兩色選) 電烤盤/電烤爐/,$780
家居家電,LG 70UL3E-B 70型 4K大型商用顯示器,"$75,000"
家居家電,Panasonic國際牌65吋4KUHD 液晶電視TH-65GX750W+視訊盒,"$39,900"
家居家電,LG 60UL3E-B 60型 4K大型商用顯示器,"$37,500"
家居家電,【限時滿萬折】Panasonic國際牌55吋4KUHD 液晶電視TH-55GX750W(送基本安裝),"$23,599"
家居家電,CHIMEI奇美55吋4K智慧連網顯示器 TL-55M300+TB-M030,"$21,900"
家居家電,【限時滿萬折】Panasonic國際牌49吋4KUHD 液晶電視TH-49GX750W(送基本安裝),"$21,900"
家居家電,TOSHIBA東芝 55型4K HDR智慧聯網LED液晶顯示器 55U6840VS,"$19,900"
家居家電,【限時滿萬折】Panasonic 43吋4KUHD 液晶電視TH-43GX750W+視訊盒(含安裝),"$19,000"
家居家電,【HITACHI 日立】22L過熱水蒸氣烘烤微波爐 晶鑽紅(MRO-VS700TR),"$14,999"
家居家電,Honeywell HAP-802WTW 智慧型抗敏殺菌空氣清淨機,"$12,900"
家居家電,Lourdes 皮質日式按摩小沙發 (兩色選),"$11,800"
家居家電,Lourdes 可換布套款日式按摩小沙發 (編織棕+編織紅),"$10,800"
家居家電,Panasonic 國際牌11公升除濕機 F-Y22EN【限量送贈品】,"$8,788"
家居家電,UBTECH漫威鋼鐵人 MK50智能機器人+藍光漫威電影組合,"$7,990"
家居家電,九陽破壁免濾豆漿機 DJ13M-P10,"$6,990"
家居家電,ONE amadana 空氣清淨機130+ible Airvida C1│兒童公仔款隨身空氣清淨機 (兩色選),"$6,880"
家居家電,Honeywell CATWPM25D01 PM2.5顯示車用空氣清淨機,"$5,990"
家居家電,英國 Gtech Multi Plus 小綠無線除螨吸塵器 二代 ATF012MK2 贈寵物濾心,"$5,990"
家居家電,MoriMori W LED藍牙雙音響(二色選),"$5,280"
家居家電,BubblingPlus mini 驚奇獨享瓶 加贈一盒氮氣氣彈 (三色選),"$4,233"
家居家電,Toshiba 燒烤料理微波爐 ER-SGS25(K)TW,"$3,990"
家居家電,MoriMori LASMO LED藍牙音響,"$3,980"
家居家電,SYLVANIA LED克卜勒1604雙臂護眼檯燈 新星版,"$3,890"
家居家電,【THOMSON】2.5L氣炸鍋 TM-SAT15A(復古綠),"$3,690"
家居家電,SYLVANIA INSPIRE護眼靈感燈 (兩色選),"$3,680"
家居家電,LAMY studio 67 霧面皇家藍烤漆(兩色選),"$3,500"
家居家電,Panasonic國際牌25L微電腦微波爐 NN-ST34H,"$3,290"
家居家電,MoriMori LED煤油燈藍牙音響(五色選),"$2,880"
家居家電,MoriMori LASMO LED燈,"$2,780"
家居家電,SYLVANIA LED小小冰極光雙臂閱讀立燈 太空銀,"$2,690"
家居家電,FOOD超人 智能互動機器人,"$2,600"
家居家電,SYLVANIA LED小小冰極光護眼檯燈 (兩色選),"$2,280"
家居家電,WASHWOW 微型電解洗衣機 - 全新 3.0 版本,"$2,250"
家居家電,LAMY 楓木鋼筆+鉛筆禮盒 (兩色選),"$2,000"
家居家電,MONITORMATE mini ONE 多功能擴充平台 太空灰,"$1,980"
家居家電,LAMY 恆星 32 鋼筆(湖水綠),"$1,750"
家居家電,LAMY AL-STAR 恆星系列 鋼筆 紫焰紅 2018限定色,"$1,750"
家居家電,MONITORMATE ProSHELF 高強度床邊型置物架,"$1,680"
家居家電,LAMY 恆星 鋼珠筆(兩色選),"$1,400"
家居家電,WOKY X LAIMO聯名款暢飲隨行激凍杯900ML 兩色選,$880
家居家電,Cado AP-C120 空氣清淨機(兩色選),"$23,800"
家居家電,DOCTOR AIR 3D腿部按摩器 S,"$9,900"
家居家電,VORNADO 683B-TW 高腳渦流空氣循環機,"$6,280"
家居家電,VORNADO 660-TW 渦流空氣循環機(兩選色),"$4,880"
家居家電,Adam iKlips Duo+ iPhone/iPad專用隨身碟256G (黑),"$4,390"
家居家電,ONE amadana 空氣清淨機130,"$3,990"
家居家電,VORNADO 460B-B 渦流空氣循環機,"$3,880"
家居家電,InfoThink 玩具總動員系列隨身型負離子空氣清淨機(兩款),"$3,680"
家居家電,Evapolar evaCHILL 第三代隨身個人冷氣機,"$3,650"
家居家電,ONE amadana 超音波啤酒泡泡機,"$3,290"
家居家電,amadana 14吋 DC 馬達香氛風扇 二代 NF-327T-S,"$2,990"
家居家電,Doctor Air 樺木扶手紓壓椅 RC03,"$2,890"
家居家電,江口設計 Eguchi toys 木製吊飾 小飛鳥,"$2,400"
家居家電,日本麗克特recolte Glass Blender Rico 耐熱果汁機(兩色選),"$1,980"
家居家電,LAMY 恆星系列 鋼筆 (三色選),"$1,750"
家居家電,Moshi VersaCover 多角度前後保護套 (iPad Pro 10.5-inch)-灰,"$1,690"
家居家電,UAG iPad mini 5 (2019)耐衝擊保護殼(三色選),"$1,680"
家居家電,美國LilGadgets 兒童耳機 有線版-大 (三色選),"$1,590"
家居家電,LAMY 狩獵者 鋼筆 (八色選),"$1,200"
家居家電,LAMY 恆星系列 原子筆(鐵灰),"$1,100"
家居家電,InfoThink 玩具總動員系列轉轉貼圖隨身碟32GB(兩色),$990
家居家電,InfoThink 玩具總動員系列絨毛藍牙喇叭(三款),$990
家居家電,LAMY 狩獵者 鋼珠筆 (五色選),$900
家居家電,ONE amadana LED吸入式捕蚊器,$890
家居家電,ShopKimo 桌立夾式兩用360度充電式風扇(三色選),$799
家居家電,InfoThink TSUM TSUM iPhone/iPad快充傳輸線(熊抱哥),$790
家居家電,ShopKimo 手持桌立轉頭兩用風扇(三色選),$790
家居家電,LAMY 狩獵者 213 原子筆 (三色選),$750
家居家電,InfoThink 玩具總動員系列行動x桌上兩用風扇(兩款),$699
家居家電,InfoThink 玩具總動員系列轉轉貼圖隨身碟16GB(兩色),$690
家居家電,InfoThink 迪士尼系列筆電包(小飛象),$599
家居家電,InfoThink玩具總動員系列泡泡歐蕾小夜燈收納盒(兩款選),$499
家居家電,InfoThink 玩具總動員系列滑鼠墊(經典款、牧羊女),$499
家居家電,InfoThink 玩具總動員系列Type-C快充傳輸線(叉奇),$499
家居家電,InfoThink迪士尼系列泡泡歐蕾小夜燈收納盒(兩款選),$499
家居家電,E-books K20 立式手持兩用LED充電風扇(兩色選),$499
家居家電,E-books K22 立式手持三段調節充電式風扇(兩色選),$499
家居家電,E-books K18 復刻版超靜音兩用擺頭風扇(兩色選),$499
家居家電,E-books K23 萌兔立式手持兩用LED充電風扇(兩色選),$359
家居家電,E-books K21 迷你手持充電風扇(兩色選),$349
家居家電,【限時下殺，滿萬再折】瑞士 IQAir HealthPro250 空氣清淨機 + AirVisual Pro 空氣智能偵測器 白,"$59,999"
家居家電,ZOJIRUSHI 象印 10人份壓力IH電子鍋 NP-HSF18,"$15,990"
家居家電,Honeywell True HEPA抗敏Console系列 13-26坪空氣清淨機 HPA-300APTW,"$8,990"
家居家電,【贈1000購物金】UBTECH 漫威 鋼鐵人 MK50 智能機器人,"$6,880"
家居家電,ZOJIRUSHI 象印 10人份 微電腦電子鍋 NS-ZEF18,"$6,690"
家居家電,BONECO 超音波空氣加濕機 U200 + USB觸控型桌面循環扇F50,"$5,580"
家居家電,Sodastream Source Plastic 氣泡水機 (三色選),"$4,990"
家居家電,TIMEMORE 栗子G1手搖磨豆機(鍍鈦磨芯)-黑色,"$4,980"
家居家電,TIMEMORE 栗子G1手搖磨豆機(鋼磨芯)-黑色,"$4,580"
家居家電,山野樂器 88鍵手捲鋼琴 進階版,"$4,200"
家居家電,ible Airvida C1│兒童公仔款隨身空氣清淨機-兩款任選-小鴨黃/無尾熊灰,"$3,980"
家居家電,CHIMEI奇美 手持無線多功能強力氣旋吸塵器VC-HB4LH0,"$2,988"
家居家電,日本Iris Ohyama 桌上型吹風機 (兩色選),"$2,980"
家居家電,Beefo Helipad 停機坪無線充電保溫杯墊,"$2,680"
家居家電,Iris Ohyama ricopa 經典烤箱 (三色選),"$2,480"
家居家電,AIRINUM 瑞典全方位防霾呼吸口罩 2.0 (三色),"$2,380"
家居家電,BONECO 無水負離子香氛機 P50 (兩色選),"$1,999"
家居家電,CHIMEI 奇美 DC智能溫控電風扇 14吋 DF-14B0ST,"$1,988"
家居家電,Move It Beat 智能瘦身啞鈴 0.5KG (三色選),"$1,790"
家居家電,Moshi VersaCover多角度前後保護套(IPad mini 5),"$1,490"
家居家電,LAMY-SAFARI 36 限量鋼筆(三色可選),"$1,200"
家居家電,LAMY-SAFARI 36 限量鋼珠筆(三色可選),$900
家居家電,LAMY-SAFARI 36 限量原子筆(三色可選),$750
家居家電,名偵探柯南 卡套 甲你套牢牢,$600
家居家電,精靈寶可夢 卡套 追追追,$600
家居家電,名偵探柯南 壓克力場景組 視窗,$540
家居家電,復仇者 LED燈環 (五款選),$499
家居家電,精靈寶可夢 大束口背袋 超級變變變,$450
家居家電,精靈寶可夢 圓形小抱枕 雙丘BFF,$450
家居家電,精靈寶可夢 雙層筆袋 臉兒紅紅,$400
家居家電,精靈寶可夢 方形小枕 丘味食堂,$360
家居家電,名偵探柯南 帆布袋 鑰匙孔,$350
家居家電,名偵探柯南 大壓克力吊飾 小哀,$300
家居家電,精靈寶可夢 扁式筆袋 Pikachu Comics,$300
家居家電,精靈寶可夢 帆布小提袋 咖啡杯PIKACHU,$300
家居家電,精靈寶可夢 帆布小提袋 外袋杯PIKACHU,$300
家居家電,名偵探柯南 大壓克力吊飾 柯南,$300
家居家電,名偵探柯南 帆布小提袋 誰知盤中柯,$300
家居家電,精靈寶可夢 長形立鏡 PIKACHU WITH YOU,$300
家居家電,Honeywell True HEPA智慧淨化抗敏 空氣清淨機 HPA-720WTW,"$17,900"
家居家電,ECOVACS DEEBOT OZMO 930 智慧掃地機器人,"$16,800"
家居家電,HITACHI日立 22L過熱水蒸氣烘烤微波爐MROVS700T 晶鑽紅,"$15,210"
家居家電,ECOVACS GLASSBOT X 擦窗機器人,"$14,800"
家居家電,美國 Honeywell True HEPA智慧淨化抗敏 空氣清淨機 HPA-710WTW,"$12,900"
家居家電,Doctor Air 3D頂級按摩椅墊 (兩色選),"$10,990"
家居家電,ECOVACS DEEBOT OZMO 900 掃地機器人,"$10,800"
家居家電,Iris Ohyama DDC-50 循環衣物乾燥除濕機,"$9,980"
家居家電,UNIX AIRSHOT負離子頂級吹風機 (兩色選),"$8,990"
家居家電,Honeywell True HEPA抗敏Console系列空氣清淨機 HPA-200APTW,"$6,990"
家居家電,VORNADO 渦輪循環扇5303DC/白,"$5,040"
家居家電,Beckmann 護脊書包 28L (四色選),"$4,380"
家居家電,Beckmann 兒童護脊書包 22L (十一色選),"$3,880"
家居家電,德國 Brita On Tap 龍頭式濾水器 (內含一濾心),"$2,988"
家居家電,Bullsone 倍力舒 蜂巢凝膠腰椎靠墊,"$2,980"
家居家電,"Speck Presidio Pro Folio iPad Pro 12.9"" (2018) 多角度防摔側翻皮套 - 黑色 (內部預留Pencil 筆槽, 透明背蓋, 1.8米防摔)","$2,780"
家居家電,Foodsaver 輕巧型真空密鮮器FM1200 白 雙盒版,"$2,580"
家居家電,Hello Kitty 幼兒安撫絨毛音樂啟蒙故事機,"$1,980"
家居家電,"Pipetto Origami Pencil iPad Pro 12.9"" (2018) 多角度多功能保護套(內建筆槽) - 黑色","$1,890"
家居家電,"Pipetto Origami Pencil iPad Pro 11"" 多角度多功能保護套(內建筆槽) - 黑色","$1,890"
家居家電,"Moshi VersaCover for iPad Pro 11"" (2018) 多角度前後保護套-(兩色選)","$1,790"
家居家電,日本 recolte 麗克特 Melt 迷你煎烤盤 (兩色選),"$1,780"
家居家電,音樂芽比兔 幼兒安撫啟蒙故事機 (兩樣式) 可愛兔 / 可愛熊,"$1,750"
家居家電,"Pipetto Origami iPad Pro 12.9"" (2018) 多角度多功能保護套 (三色選)","$1,690"
家居家電,"Speck Presidio Pro Folio iPad Pro 12.9"" (2018) 多角度防摔側翻皮套 - 黑色 (內部預留Pencil 筆槽, 透明背蓋, 1.8米防摔)","$1,690"
家居家電,"Pipetto Origami iPad Pro 11"" 多角度多功能保護套 (四色選)","$1,590"
家居家電,Moshi VersaCover for iPad 2017 多角度前後保護套 灰,"$1,590"
家居家電,"Speck Balance Folio iPad Pro 11"" 多角度側翻皮套 - 1.2米防摔 (三色選)","$1,590"
家居家電,PROIDEA 貓貓指壓頸肩臀按摩墊 (三色選),"$1,499"
家居家電,日本 Toffy 真空果汁機 (兩色選),"$1,480"
家居家電,Beckmann 週末郊遊包 12L (九色選),"$1,480"
家居家電,日本麗克特recolte Quilt 格子三明治機 愛心限定款,"$1,380"
家居家電,德國 Brita On Tap 龍頭式濾水器濾芯 (1入),"$1,200"
家居家電,HYDRATION系列 真空保冷 熱兩用鋼瓶18oz 標準口 (四色選),"$1,180"
家居家電,12oz 兒童寬口保溫鋼瓶 (四色選),"$1,180"
家居家電,HYDRATION系列 真空保冷 熱兩用鋼瓶12oz標準口 (六色選),$980
家居家電,Brita MAXTRA Plus 濾水壺專用 濾芯 3入,$899
家居家電,茶籽堂 碗盤洗潔液 補充包,$300
家居家電,以色列 Monkey Business 保冷劑 - 藍色北極熊(一款),$250
家居家電,VornadoVF 20PED 高腳復古扇 綠,"$15,800"
家居家電,Panasonic 國際牌 清淨除濕機 10L F-Y20FH,"$13,890"
家居家電,Stadler Form Roger 空氣清淨機,"$13,500"
家居家電,Panasonic 清淨除濕機 F-Y16FH,"$12,390"
家居家電,CORONA SX-E2418Y 煤油暖爐 贈電動加油槍 CP-21 一支,"$9,900"
家居家電,Vornado VF20SR 復古循環扇 綠,"$9,800"
家居家電,VORNADO VFANA22-TW 奢華鍊金復古扇(兩色選),"$9,800"
家居家電,日本 正負零±0 XQJ-C010 除濕機,"$8,990"
家居家電,ECOVACS DEEBOT OZMO 610 掃地機器人,"$7,999"
家居家電,Vornado VF25 復古循環扇 紅,"$7,080"
家居家電,Vornado VF23復古循環扇 白,"$7,080"
家居家電,ECOVACS DEEBOT OZMO Slim11 智慧掃地機器人,"$6,999"
家居家電,日本 正負零±0 XJC-B021 無線吸塵器 白,"$6,990"
家居家電,日本 ecomo AIM-AC30 空氣清淨機 (公司貨) 1+1套組,"$6,990"
家居家電,FELLOW 電子溫控壺 900ml 玫瑰金,"$6,980"
家居家電,FELLOW 電子溫控壺 600ml 黑色,"$5,480"
家居家電,Iris Ohyama ricopa IH料理電磁爐組(含陶瓷鍋) (三色選),"$4,980"
家居家電,日本 正負零±0 XHH-Y030 電暖器 （兩色選）,"$3,990"
家居家電,日本 正負零±0 XQS-D330 循環扇 （三色選）,"$3,490"
家居家電,recolte日本麗克特 Home BBQ 電燒烤盤 櫻花粉限定款,"$3,280"
家居家電,Panasonic NI-FS470 兩用熨斗 黑,"$2,990"
家居家電,Panasonic 無線蒸氣電熨斗 NI-WL50,"$2,790"
家居家電,BRUNO天然木手持陶瓷電暖器 (兩色選),"$2,280"
家居家電,LilGadgets兒童耳機 藍芽版 黑,"$1,990"
家居家電,Futurous 二合一 迷你陶瓷涼暖電暖器,"$1,980"
家居家電,日本 正負零±0 XHH-Y120 電暖器 （兩色選）,"$1,780"
家居家電,EQUA 歐洲極簡奢華保溫瓶-680ml (五色選),"$1,680"
家居家電,ADAM OMNIA P5 旅行萬用PD / QC快速充電器 57W (兩色選),"$1,290"
家居家電,LilGadgets兒童耳機 有線版 綠,"$1,290"
家居家電,E-books X66 鋁合金HDMI影音傳輸線,"$1,080"
家居家電,Inside3 3D迷走方塊 初級,$890
家居家電,Inside3 3D迷走方塊 中級,$890
家居家電,ZOKU 可口可樂快速冰沙杯,$790
家居家電,英國Little Brian 可洗式無毒「迷你」水彩棒24色,$659
家居家電,英國Little Brian 無毒布料專用水彩棒-6色,$529
家居家電,英國Little Brian 可洗式無毒兒童專用水彩棒-12色(經典色）,$529
家居家電,E-books B38 雙孔3.4A USB 快速充電組,$499
家居家電,E-books B39 輕旅行3.4A雙孔摺疊充電器 (兩色選),$399
家居家電,英國Little Brian 可洗式無毒兒童專用水彩棒-6色(金屬色）,$329
家居家電,英國Little Brian 可洗式無毒兒童專用水彩棒-6色(螢光色）,$329
家居家電,VORNADO VMH300-TW 渦流電暖器,"$7,800"
家居家電,Aurai 水波式冷熱敷按摩眼罩,"$6,980"
家居家電,AEBALL負離子空氣淨化機｜除PM2.5、除臭、殺菌｜自動偵測汙染,"$4,980"
家居家電,台灣 ilovekids 鄉村廚房 LK-52792,"$4,600"
家居家電,台灣 ilovekids 經典廚房(超跑紅) LK-52788,"$4,500"
家居家電,EA-023 美國隊長 內戰:美國隊長 雕像,"$3,990"
家居家電,THOMSON 電動研磨咖啡隨行杯 USB充電,"$1,990"
家居家電,DC01 蝙蝠俠對超人 正義曙光 套裝組-三入,"$1,530"
家居家電,LEGO鬧鐘 樂高電影溫絲黛 9009969,"$1,290"
家居家電,LEGO鬧鐘 樂高電影 艾密特 9009945,"$1,290"
家居家電,LEGO鬧鐘 樂高蝙蝠俠電影 小丑,"$1,290"
家居家電,LEGO 樂高鬧鐘 蝙蝠俠電影系列 Batgirl,"$1,290"
家居家電,LEGO鬧鐘 蝙蝠俠電影系列 羅賓,"$1,290"
家居家電,LEGO 樂高鬧鐘 超級英雄系列 神力女超人,"$1,290"
家居家電,LEGO鬧鐘 樂高旋風忍者電影鬧鐘 紅忍凱鬧鐘,"$1,290"
家居家電,LEGO鬧鐘 樂高旋風忍者電影 綠忍勞埃德鬧鐘,"$1,290"
家居家電,LEGO鬧鐘 超人,"$1,290"
家居家電,InfoThink TSUM TSUM 公仔吊飾隨身碟32GB (五款選),"$1,280"
家居家電,InfoThink 米奇系列藍牙無線耳機 (三色選),"$1,280"
家居家電,InfoThink 訊想 米奇時尚無線充電盤 (三色選),"$1,280"
家居家電,Green Board KIDS 10吋 彩色電紙板 液晶手寫板 (兩色選),"$1,200"
家居家電,星際大戰 第三代光劍直傘 達斯維達款,"$1,199"
家居家電,星際大戰 第三代光劍直傘 路克天行者款,"$1,199"
家居家電,LEGO® 樂高經典積木鬧鐘系列 豔藍,"$1,190"
家居家電,LEGO® 樂高經典積木鬧鐘系列 檸黃,"$1,190"
家居家電,LEGO®樂高經典積木鬧鐘系列 鮮紅,"$1,190"
家居家電,BulbBotz 電影原聲夜燈鬧鐘 超級英雄系列 格魯特,"$1,190"
家居家電,BulbBotz 電影原聲夜燈鬧鐘 星際大戰 R2-D2,"$1,190"
家居家電,BulbBotz 電影原聲夜燈鬧鐘 星際大戰 C-3PO 金人,"$1,190"
家居家電,BulbBotz 電影原聲夜燈鬧鐘 星際大戰 凱羅 忍,"$1,190"
家居家電,BulbBotz 電影原聲夜燈鬧鐘 星際大戰 Stormtrooper 白兵,"$1,190"
家居家電,LEGO 樂高手錶 星際大戰 達斯 維德 8021018,$990
家居家電,WONDER WH-W11F 陶瓷電暖器,$899
家居家電,InfoThink TSUM TSUM 超廣角三合一手機鏡頭夾 (五款選),$599
家居家電,InfoThink TSUM TSUM 藍牙遙控自拍器 (三款選),$599
家居家電,InfoThink 小熊維尼系列感應燈 (四款選),$490
家居家電,LEGO樂高 香蕉人鑰匙圈燈,$420
家居家電,LEGO樂高 熱狗人鑰匙圈燈,$420
家居家電,LEGO樂高 幽靈鑰匙圈燈,$400
家居家電,【限時滿萬折】瑞士IQAir 空氣清淨機 HealthPro250-贈1500購物金,"$60,000"
家居家電,Gululu 小精靈 兒童智能水壺 Talk版 (三色選),"$3,680"
家居家電,Flintu Sidekick 急救電源,"$2,980"
家居家電,innfact WICKEDBONE 智能寵物互動裝置 瘋骨頭,"$2,980"
家居家電,Asobu Pour Over 經典手沖不鏽鋼保溫咖啡濾壺 (四色選),"$2,480"
家居家電,Innfact Trix USB 造型延長線,"$1,580"
家居家電,日本麗克特 recolte Home Coffee Stand 經典咖啡機 (三色選),"$1,380"
家居家電,LEGO鬧鐘 星際大戰Stormtrooper 白兵,"$1,290"
家居家電,LEGO鬧鐘 星際大戰達斯 維德,"$1,290"
家居家電,MOLESKINE 超級瑪利歐筆記本 L型 (兩色選),"$1,050"
家居家電,LEGO 樂高手錶 樂高旋風忍者電影 勞埃德 伽瑪當,$990
家居家電,LEGO 樂高手錶 樂高旋風忍者電影 赤蘭,$990
家居家電,LEGO 樂高手錶 蝙蝠俠電影系列 羅賓,$990
家居家電,LEGO 樂高手錶 超級英雄系列 神力女超人,$990
家居家電,LEGO 樂高手錶 旋風忍者系列 日本劍神忍者,$990
家居家電,LEGO 樂高手錶 城市警察,$990
家居家電,LEGO 樂高手錶 城市消防員,$990
家居家電,LEGO 樂高手錶 星際大戰系列 尤達,$990
家居家電,LEGO 樂高手錶 星際大戰系列 Anakin,$990
家居家電,LEGO 樂高手錶 星際大戰 凱羅忍,$990
家居家電,LEGO 樂高手錶 星際大戰系列 風暴兵 Stormtrooper,$990
家居家電,LEGO 樂高旋風忍者電影 杰忍者手錶,$990
家居家電,LEGO 樂高手錶 超級英雄系列 小丑,$990
家居家電,LEGO 樂高手錶 好朋友系列 奧利佛,$990
家居家電,LEGO 樂高手錶 星際大戰系列 路克天行者,$990
家居家電,LEGO 樂高手錶 星際大戰 BB-8,$990
家居家電,LEGO 樂高手錶 樂高旋風忍者電影 凱/紅忍者,$990
家居家電,LEGO 樂高手錶 經典系列,$990
家居家電,LEGO 樂高手錶 勞埃德,$990
家居家電,LEGO 樂高手錶 超級英雄系列 蝙蝠俠,$990
家居家電,LEGO 樂高手錶 超級英雄系列 超人,$990
家居家電,LEGO 樂高手錶 好朋友系列 史蒂芬妮,$990
家居家電,MOLESKINE 超級瑪利歐限定筆記本 口袋型 (兩色選),$850
家居家電,Innfact T40 四口 QC3.0 快速充電器,$689
家居家電,innfact B40 六口座充快速充電器,$685
家居家電,innfact P29 PD3.0 TypeC 快速充電器,$659
家居家電,CLiPtec HDMI 3D高解析度乙太網路傳輸線 5.0M,$499
家居家電,CLiPtec HDMI 3D高解析度乙太網路傳輸線 (3.0M),$399
家居家電,i2 艾思奎多功能清潔組(清潔液+擦拭布+清潔刷),$249
家居家電,i2 艾思奎方頭獅 USB集線器,$199
家居家電,義大利Mukako MUTable 親子魔法成長桌-豪華組 (五色選),"$16,590"
家居家電,義大利Mukako MUTable 親子魔法成長桌-超值組 (五色選),"$14,120"
家居家電,瑞士 Stadler Form Peter 風扇,"$4,950"
家居家電,Vtech 多功能兒童MP3遊戲相機 (兩色選),"$3,999"
家居家電,SPINBOX DIY傻瓜黑膠唱片機 (四色選),"$3,480"
家居家電,Asobu Cold Brew冷萃咖啡壺 (三色選),"$2,480"
家居家電,Divoom Tivoo智慧復古電視藍牙喇叭 (六色選),"$2,480"
家居家電,One amadana 極美微波爐 HAADSTWM-0101,"$1,990"
家居家電,ONE amadana 觸控薄型電磁爐 HAADSTCI-0105,"$1,990"
家居家電,One amadana 智能料理炊煮器 HAADSTCR-0103,"$1,790"
家居家電,Vtech 歡樂泡泡章魚,"$1,299"
家居家電,One amadana 富士山手沖快煮壺 HAADSTKE-0104,"$1,290"
家居家電,美國 Fury Bros. 機油罐造型天然室內香氛蠟燭 男性/中性 - 巫毒(Mojo),"$1,180"
家居家電,美國 Fury Bros. 機油罐造型天然室內香氛蠟燭 男性/中性 - 貝蒂甜心(Betty),"$1,180"
家居家電,美國 Fury Bros. 機油罐造型天然室內香氛蠟燭 男性/中性 - 暗夜丑角(Harlequin),"$1,180"
家居家電,美國 Fury Bros. 機油罐造型天然室內香氛蠟燭 男性/中性 - 黑鬍子(Black Beard),"$1,180"
家居家電,美國 Fury Bros. 機油罐造型天然室內香氛蠟燭 男性/中性 - 夜鴞(Nite Owl),"$1,180"
家居家電,One amadana 經典復古烤箱 HAADSTRT-0102,$990
家居家電,瑞典 Mad Mattr 瘋狂博士MM沙 大積木方塊禮盒組,$899
家居家電,奇想生活 CHILLGLASS BEER 冰鎮啤酒杯,$790
家居家電,Vtech 2合1嘟嘟戲水洗澡玩具系列 (五色選),$699
家居家電,茶籽堂 水芙蓉 亮澤洗髮露 330mL,$650
家居家電,茶籽堂 肖楠葉 抗屑洗髮露 330mL,$650
家居家電,奇想生活 CHILLGLASS WHISKY 冰鎮威士忌杯,$590
家居家電,茶籽堂 水芙蓉 嫩白沐浴露 330mL,$550
家居家電,茶籽堂 肖楠葉 平衡沐浴露 330mL,$550
家居家電,賽先生 優雅化學元素表馬克杯,$490
家居家電,美國 Fury Bros. 隨身固態古龍水 男性/中性,$480
家居家電,賽先生 迷你天氣預報球,$480
家居家電,賽先生 書法化學元素表馬克杯,$450
家居家電,瑞典Kinetic Sand 動力沙 城堡模具組,$315
家居家電,京盛宇 原葉袋茶八入盒裝 輕焙四季春,$240
家居家電,京盛宇 原葉袋茶八入盒裝－阿里山金萱,$240
家居家電,京盛宇 原葉袋茶八入盒裝 白毫茉莉,$240
家居家電,京盛宇 原葉袋茶七入隨行包 輕焙凍頂烏龍,$170
家居家電,京盛宇 原葉袋茶七入隨行包 鐵觀音,$170
家居家電,京盛宇 原葉袋茶七入隨行包 蜜香貴妃,$170
家居家電,京盛宇 原葉袋茶七入隨行包 阿里山金萱,$170
家居家電,京盛宇 原葉袋茶七入隨行包 白毫茉莉,$170
家居家電,京盛宇 原葉袋茶七入隨行包 不知春,$170
家居家電,德國Liebherr 獨立式單溫紅酒櫃 Wkb1712,"$27,550"
家居家電,嘉儀 全功能遙控三合一冷暖扇 KEPC-9385,"$6,800"
家居家電,德國KettlerZero 8 時尚親子滑板車 (三色選),"$6,500"
家居家電,德國Kettler豪華造型平衡滑步車 (三色選),"$5,480"
家居家電,德國KettlerZero 6 時尚親子滑板車 (兩色選),"$4,999"
家居家電,嘉儀 全功能遙控水霧扇 KEF-9270,"$4,980"
家居家電,ible Airvida 鈦項圈負離子空氣清淨機 編織繩 M1 項圈 45cm/50cm,"$4,980"
家居家電,德國Kettler時尚設計平衡滑步車 (三色選),"$3,880"
家居家電,英國E&M MAGICTOUCH 利眼舒按摩器 EM01,"$3,680"
家居家電,多功能機械戰龍,"$3,280"
家居家電,德國KettlerZero 5 時尚親子滑板車 (兩色選),"$3,199"
家居家電,AIRMATE 12吋DC 直流立地電扇 FS3002R,"$2,480"
家居家電,德國Kettler德國經典平衡滑步車 (四色選),"$2,299"
家居家電,MOGICS Ice Fire 魔幻冰火磚組,"$1,980"
家居家電,MOGICS 摩奇客燈4入組 (四色選),"$1,760"
家居家電,MOGICS Infinity 無限幻鏡組,"$1,590"
家居家電,日本Doshisha Mickey米奇手持刨冰機 (兩色選),"$1,580"
家居家電,智多星遙控機器人,"$1,580"
家居家電,Matador NanoDry Trek Towel 口袋型奈米快乾毛巾(L),"$1,299"
家居家電,二合一迷你造型玩偶毯 維尼家族(三色選),"$1,280"
家居家電,美國 Fury Bros. 機油罐造型天然室內香氛蠟燭 男性/中性 - 遊騎兵(Ranger),"$1,180"
家居家電,美國 Fury Bros. 機油罐造型天然室內香氛蠟燭 男性/中性 - 冒險家(Supra 56),"$1,180"
家居家電,InfoThink 死侍烤吐司機造型隨身碟(兩規格選) 漫威 訊想死侍電影周邊,$990
家居家電,Healthy Human 寬口不鏽鋼保冷保溫瓶 473ml - 薄荷綠,$980
家居家電,InfoThink 復仇者聯盟耳機(兩色選),$890
家居家電,InfoThink 死侍系列就可愛耳機 漫威 訊想死侍電影周邊,$790
家居家電,InfoThink 復仇者聯盟iPhone 7Plus/8Plus保護殼(兩色選)漫威正版授權,$790
家居家電,Matador NanoDry Trek Towel 口袋型奈米快乾毛巾(S),$729
家居家電,InfoThink 死侍系列快充傳輸線 iPhone/iPad 漫威 訊想死侍電影周邊 Apple原廠認證線,$690
家居家電,MOGICS 摩奇客燈 (三色選),$599
家居家電,指甲油驚喜禮盒組(三色選),$520
家居家電,美國Crocodile Creek 3號兒童運動遊戲足球 (四色選),$499
家居家電,美國 Strawesome手工玻璃吸管 寬口直式 雙色(五種選),$498
家居家電,加拿大Snack in the box Tritan運動點心隨身罐 (四色選),$450
家居家電,美國Crocodile Creek 7吋兒童運動遊戲球/遊戲足球 (十四色選),$399
家居家電,E-books T26 晶片ATM+記憶卡複合讀卡機,$369
家居家電,Drink in the box Tritan兒童運動吸管杯 配件組 小,$299
家居家電,美國Crocodile Creek 5吋兒童運動遊戲球/遊戲足球 (六色選),$299
家居家電,ELECOM 耳機收納袋(六色選),$290
家居家電,NISSEI 自然通風開放型煤油暖爐 NCH-S292RD,"$10,800"
家居家電,Panasonic 製麵包機 SD-MDX100,"$9,990"
家居家電,THOMSON 三合一塵蹣吸塵器 TM-SAV25M,"$5,690"
家居家電,正負零±0 Coedless Cleaner 無線吸塵器 XJC-Y010 (四色選),"$4,990"
家居家電,Panasonic 6L除濕機 F-Y12ES,"$4,590"
家居家電,正負零±0 Air Purifier 空氣清淨機 XQH-X020,"$3,990"
家居家電,Panasonic 25L微波爐 NN-ST34H,"$3,790"
家居家電,Topmore 漫威系列 Phecda 指紋辨識碟 USB3.0 64G(兩色選),"$3,580"
家居家電,Topmore 漫威系列 iOS 擴充隨身碟 64G(三色選) 雙頭碟,"$3,080"
家居家電,THOMSON 多功能四季烘被機 TM-SAW08DQ,"$2,490"
家居家電,Asobu Cold Brew冷萃咖啡壺,"$2,480"
家居家電,Topmore 漫威系列 Phecda 指紋辨識碟 USB3.0 32G(兩色選),"$2,380"
家居家電,Topmore 漫威系列 iOS 擴充隨身碟 32G(三色選) 雙頭碟,"$2,380"
家居家電,正負零±0 12吋立扇 XQS-Z710 小型輕巧的客廳專用扇 (兩色選)涼夏,"$1,990"
家居家電,InfoThink 無線藍牙麥克風 鋼鐵人 漫威,"$1,680"
家居家電,Vtech 趣味投球挖土機,"$1,499"
家居家電,InfoThink 星際異攻隊 復刻版隨身聽藍牙喇叭,"$1,480"
家居家電,Vtech 嘟嘟動物系列 諾亞方舟學習組,"$1,399"
家居家電,InfoThink AVENGERS珍藏版 32GB造型隨身碟 鋼鐵人系列限定版頭盔,"$1,280"
家居家電,InfoThink AVENGERS珍藏版 32GB造型隨身碟 鋼鐵人系列限定版右手,"$1,280"
家居家電,InfoThink 玩音樂 藍牙燈光喇叭 鋼鐵人,"$1,280"
家居家電,Travelmall Mini手動旅行三用充氣枕 日本柴犬特別版,"$1,250"
家居家電,迪士尼 怪獸電力公司 麻吉好朋友抱枕 啪啪午休炸彈,"$1,195"
家居家電,迪士尼 皮克斯 麻吉好朋友 M抱枕(四種選),"$1,100"
家居家電,日本麗克特recolte Mini 迷你鬆餅機 (兩色選),"$1,080"
家居家電,InfoThink 訊想 UVC LED光觸媒隨身殺菌機 增高器/加高艙 (不含主機),$990
家居家電,Vtech 寶寶帥氣方向盤,$899
家居家電,InfoThink 不死兔發聲公仔 x iCASH 2.0感應卡,$790
家居家電,Travelmall Mini舒適旅行眼罩 日本柴犬特別版 睡眠,$580
家居家電,美國 Strawesome手工玻璃吸管 愛心細口彎角,$523
家居家電,CARD CS1 Pro SIM 轉接卡/隨身碟/充電傳輸 工具組 (兩款選),$499
家居家電,美國 Strawesome手工玻璃吸管 標準直式 亮綠/豔陽黃,$488
家居家電,美國 Strawesome手工玻璃吸管 寬口直式(五種選),$468
家居家電,美國 Strawesome手工玻璃吸管 標準直式(五種選),$458
家居家電,美國 Strawesome手工玻璃吸管 愛心(兩種選),$457
家居家電,InfoThink 漫威系列 TYPE-C 快充傳輸線(兩色選),$390
家居家電,美國 Strawesome手工玻璃吸管 透明(兩種選),$365
家居家電,美國Stephen Joseph 兒童造型水壺袋 (十四款選),$300
網路書店,曼巴精神 The Mamba Mentality,$850
網路書店,全裸導演 村西透伝,$550
網路書店,泰國 美國與中國間的角力戰場 在夾縫中求存的東南亞王國,$520
網路書店,新海誠導演作品 你的名字 官方美術設定集,$500
網路書店,帶媽媽去旅行幸福全攻略 不論距離 天數 習性都適用 特別附贈聽懂媽媽的話 萬事O,$499
網路書店,童話世界大冒險 經典童話桌遊書,$499
網路書店,照明設計終極聖經 暢銷更新版 從入門到精通 超實用圖文對照關鍵問題 全面掌握照明,$499
網路書店,證明自己 彭政閔,$450
網路書店,漢方日常食養享瘦提案 日本藥膳師親身實證 善用自己專屬體質 選對食材 吃對屬性,$420
網路書店,工作哲學圖鑑 以360度的全面性觀點來思考 我們為什麼工作 該如何工作,$420
網路書店,我會日文 我驕傲 讓前輩告訴你 你的優勢在哪裡,$390
網路書店,Cup Of Therapy心累了 來抱抱吧,$380
網路書店,哈棒傳奇之哈棒不在,$380
網路書店,真 愷玹,$380
網路書店,我不想成為孩子童年的陰影啊 推特女星身兼苦手媽咪的抗焦慮日常,$380
網路書店,烤箱出好菜 二版 172道家常飯菜 極品料理 人氣烘焙 特殊風味 運用烤箱多功能,$380
網路書店,我畢業五年 用ETF賺到400萬,$380
網路書店,陪伴 是世上最奢侈的禮物,$360
網路書店,一個人的鐵道旅行 台灣鐵路小旅行 路線規劃指南,$360
網路書店,醫生說請你運動時 最強對症運動指南 日本首席體能訓練師教你 1 次5 分鐘 釋放,$360
網路書店,謝震武寫給年輕人贏在終點的五堂課,$350
網路書店,別做那隻迷途的候鳥 願你逆風而行 不要失去方向,$350
網路書店,想見你someday or one day,$350
網路書店,紅樓心機 我的騷動 渴望你懂,$330
網路書店,裝睡的人叫不醒 再不清醒窮死你,$320
網路書店,尼采讀本 最完整選錄尼采代表篇章的精選集 尼采哲學的首選入門書,$320
網路書店,上班不如賣雞排 打爆奧客慣老闆的斜幹人生,$320
網路書店,果豐美醬 極品果醬與鹹味常備醬 日本高人氣名師配方大公開 顛覆你對傳統果醬的印象,$320
網路書店,三明治主管的帶人技術 讓上司買單 下屬服氣的8個訣竅,$320
網路書店,加減乘除工作術 複業時代 開創自我價值能力的關鍵,$300
網路書店,去日本這樣排行程!交通&票券制霸全圖解 半日一日自由規劃組合 零經驗也能即查即用,$299
網路書店,我想吃掉你的胰臟 劇場動畫特典版,$280
網路書店,屁屁偵探讀本 7：好景莊有妖怪,$280
網路書店,極限嚴選 Google超神密技完全攻略 年度最強決定版,$263
網路書店,你的名字,$260
網路書店,蔡康永的情商課2 因為這是你的人生,$250
網路書店,豐田精實管理的翻轉獲利秘密 不浪費就是提升生產力,$240
網路書店,82年生的金智英,$230
網路書店,你的名字Another Side Earthbound 全,$220
網路書店,Word Excel PowerPoint 強效精攻500招 附贈爆量密技別冊,$150
